username	password
user1	password1
user2	password2
user3	password3
user4	password4
user5	password5
user6	password6
user7	password7
user8	password8
user9	password9
user10	password10
user11	password11
user12	password12
user13	password13
user14	password14
user15	password15
user16	password16
user17	password17
user18	password18
user19	password19
user20	password20
user21	password21
user22	password22
user23	password23
user24	password24
user25	password25
user26	password26
user27	password27
user28	password28
user29	password29
user30	password30
user31	password31
user32	password32
user33	password33
user34	password34
user35	password35
user36	password36
user37	password37
user38	password38
user39	password39
user40	password40
user41	password41
user42	password42
user43	password43
user44	password44
user45	password45
user46	password46
user47	password47
user48	password48
user49	password49
user50	password50
user51	password51
user52	password52
user53	password53
user54	password54
user55	password55
user56	password56
user57	password57
user58	password58
user59	password59
user60	password60
user61	password61
user62	password62
user63	password63
user64	password64
user65	password65
user66	password66
user67	password67
user68	password68
user69	password69
user70	password70
user71	password71
user72	password72
user73	password73
user74	password74
user75	password75
user76	password76
user77	password77
user78	password78
user79	password79
user80	password80
user81	password81
user82	password82
user83	password83
user84	password84
user85	password85
user86	password86
user87	password87
user88	password88
user89	password89
user90	password90
user91	password91
user92	password92
user93	password93
user94	password94
user95	password95
user96	password96
user97	password97
user98	password98
user99	password99
user100	password100
user101	password101
user102	password102
user103	password103
user104	password104
user105	password105
user106	password106
user107	password107
user108	password108
user109	password109
user110	password110
user111	password111
user112	password112
user113	password113
user114	password114
user115	password115
user116	password116
user117	password117
user118	password118
user119	password119
user120	password120
user121	password121
user122	password122
user123	password123
user124	password124
user125	password125
user126	password126
user127	password127
user128	password128
user129	password129
user130	password130
user131	password131
user132	password132
user133	password133
user134	password134
user135	password135
user136	password136
user137	password137
user138	password138
user139	password139
user140	password140
user141	password141
user142	password142
user143	password143
user144	password144
user145	password145
user146	password146
user147	password147
user148	password148
user149	password149
user150	password150
user151	password151
user152	password152
user153	password153
user154	password154
user155	password155
user156	password156
user157	password157
user158	password158
user159	password159
user160	password160
user161	password161
user162	password162
user163	password163
user164	password164
user165	password165
user166	password166
user167	password167
user168	password168
user169	password169
user170	password170
user171	password171
user172	password172
user173	password173
user174	password174
user175	password175
user176	password176
user177	password177
user178	password178
user179	password179
user180	password180
user181	password181
user182	password182
user183	password183
user184	password184
user185	password185
user186	password186
user187	password187
user188	password188
user189	password189
user190	password190
user191	password191
user192	password192
user193	password193
user194	password194
user195	password195
user196	password196
user197	password197
user198	password198
user199	password199
user200	password200
user201	password201
user202	password202
user203	password203
user204	password204
user205	password205
user206	password206
user207	password207
user208	password208
user209	password209
user210	password210
user211	password211
user212	password212
user213	password213
user214	password214
user215	password215
user216	password216
user217	password217
user218	password218
user219	password219
user220	password220
user221	password221
user222	password222
user223	password223
user224	password224
user225	password225
user226	password226
user227	password227
user228	password228
user229	password229
user230	password230
user231	password231
user232	password232
user233	password233
user234	password234
user235	password235
user236	password236
user237	password237
user238	password238
user239	password239
user240	password240
user241	password241
user242	password242
user243	password243
user244	password244
user245	password245
user246	password246
user247	password247
user248	password248
user249	password249
user250	password250
user251	password251
user252	password252
user253	password253
user254	password254
user255	password255
user256	password256
user257	password257
user258	password258
user259	password259
user260	password260
user261	password261
user262	password262
user263	password263
user264	password264
user265	password265
user266	password266
user267	password267
user268	password268
user269	password269
user270	password270
user271	password271
user272	password272
user273	password273
user274	password274
user275	password275
user276	password276
user277	password277
user278	password278
user279	password279
user280	password280
user281	password281
user282	password282
user283	password283
user284	password284
user285	password285
user286	password286
user287	password287
user288	password288
user289	password289
user290	password290
user291	password291
user292	password292
user293	password293
user294	password294
user295	password295
user296	password296
user297	password297
user298	password298
user299	password299
user300	password300
user301	password301
user302	password302
user303	password303
user304	password304
user305	password305
user306	password306
user307	password307
user308	password308
user309	password309
user310	password310
user311	password311
user312	password312
user313	password313
user314	password314
user315	password315
user316	password316
user317	password317
user318	password318
user319	password319
user320	password320
user321	password321
user322	password322
user323	password323
user324	password324
user325	password325
user326	password326
user327	password327
user328	password328
user329	password329
user330	password330
user331	password331
user332	password332
user333	password333
user334	password334
user335	password335
user336	password336
user337	password337
user338	password338
user339	password339
user340	password340
user341	password341
user342	password342
user343	password343
user344	password344
user345	password345
user346	password346
user347	password347
user348	password348
user349	password349
user350	password350
user351	password351
user352	password352
user353	password353
user354	password354
user355	password355
user356	password356
user357	password357
user358	password358
user359	password359
user360	password360
user361	password361
user362	password362
user363	password363
user364	password364
user365	password365
user366	password366
user367	password367
user368	password368
user369	password369
user370	password370
user371	password371
user372	password372
user373	password373
user374	password374
user375	password375
user376	password376
user377	password377
user378	password378
user379	password379
user380	password380
user381	password381
user382	password382
user383	password383
user384	password384
user385	password385
user386	password386
user387	password387
user388	password388
user389	password389
user390	password390
user391	password391
user392	password392
user393	password393
user394	password394
user395	password395
user396	password396
user397	password397
user398	password398
user399	password399
user400	password400
user401	password401
user402	password402
user403	password403
user404	password404
user405	password405
user406	password406
user407	password407
user408	password408
user409	password409
user410	password410
user411	password411
user412	password412
user413	password413
user414	password414
user415	password415
user416	password416
user417	password417
user418	password418
user419	password419
user420	password420
user421	password421
user422	password422
user423	password423
user424	password424
user425	password425
user426	password426
user427	password427
user428	password428
user429	password429
user430	password430
user431	password431
user432	password432
user433	password433
user434	password434
user435	password435
user436	password436
user437	password437
user438	password438
user439	password439
user440	password440
user441	password441
user442	password442
user443	password443
user444	password444
user445	password445
user446	password446
user447	password447
user448	password448
user449	password449
user450	password450
user451	password451
user452	password452
user453	password453
user454	password454
user455	password455
user456	password456
user457	password457
user458	password458
user459	password459
user460	password460
user461	password461
user462	password462
user463	password463
user464	password464
user465	password465
user466	password466
user467	password467
user468	password468
user469	password469
user470	password470
user471	password471
user472	password472
user473	password473
user474	password474
user475	password475
user476	password476
user477	password477
user478	password478
user479	password479
user480	password480
user481	password481
user482	password482
user483	password483
user484	password484
user485	password485
user486	password486
user487	password487
user488	password488
user489	password489
user490	password490
user491	password491
user492	password492
user493	password493
user494	password494
user495	password495
user496	password496
user497	password497
user498	password498
user499	password499
user500	password500
user501	password501
user502	password502
user503	password503
user504	password504
user505	password505
user506	password506
user507	password507
user508	password508
user509	password509
user510	password510
user511	password511
user512	password512
user513	password513
user514	password514
user515	password515
user516	password516
user517	password517
user518	password518
user519	password519
user520	password520
user521	password521
user522	password522
user523	password523
user524	password524
user525	password525
user526	password526
user527	password527
user528	password528
user529	password529
user530	password530
user531	password531
user532	password532
user533	password533
user534	password534
user535	password535
user536	password536
user537	password537
user538	password538
user539	password539
user540	password540
user541	password541
user542	password542
user543	password543
user544	password544
user545	password545
user546	password546
user547	password547
user548	password548
user549	password549
user550	password550
user551	password551
user552	password552
user553	password553
user554	password554
user555	password555
user556	password556
user557	password557
user558	password558
user559	password559
user560	password560
user561	password561
user562	password562
user563	password563
user564	password564
user565	password565
user566	password566
user567	password567
user568	password568
user569	password569
user570	password570
user571	password571
user572	password572
user573	password573
user574	password574
user575	password575
user576	password576
user577	password577
user578	password578
user579	password579
user580	password580
user581	password581
user582	password582
user583	password583
user584	password584
user585	password585
user586	password586
user587	password587
user588	password588
user589	password589
user590	password590
user591	password591
user592	password592
user593	password593
user594	password594
user595	password595
user596	password596
user597	password597
user598	password598
user599	password599
user600	password600
user601	password601
user602	password602
user603	password603
user604	password604
user605	password605
user606	password606
user607	password607
user608	password608
user609	password609
user610	password610
user611	password611
user612	password612
user613	password613
user614	password614
user615	password615
user616	password616
user617	password617
user618	password618
user619	password619
user620	password620
user621	password621
user622	password622
user623	password623
user624	password624
user625	password625
user626	password626
user627	password627
user628	password628
user629	password629
user630	password630
user631	password631
user632	password632
user633	password633
user634	password634
user635	password635
user636	password636
user637	password637
user638	password638
user639	password639
user640	password640
user641	password641
user642	password642
user643	password643
user644	password644
user645	password645
user646	password646
user647	password647
user648	password648
user649	password649
user650	password650
user651	password651
user652	password652
user653	password653
user654	password654
user655	password655
user656	password656
user657	password657
user658	password658
user659	password659
user660	password660
user661	password661
user662	password662
user663	password663
user664	password664
user665	password665
user666	password666
user667	password667
user668	password668
user669	password669
user670	password670
user671	password671
user672	password672
user673	password673
user674	password674
user675	password675
user676	password676
user677	password677
user678	password678
user679	password679
user680	password680
user681	password681
user682	password682
user683	password683
user684	password684
user685	password685
user686	password686
user687	password687
user688	password688
user689	password689
user690	password690
user691	password691
user692	password692
user693	password693
user694	password694
user695	password695
user696	password696
user697	password697
user698	password698
user699	password699
user700	password700
user701	password701
user702	password702
user703	password703
user704	password704
user705	password705
user706	password706
user707	password707
user708	password708
user709	password709
user710	password710
user711	password711
user712	password712
user713	password713
user714	password714
user715	password715
user716	password716
user717	password717
user718	password718
user719	password719
user720	password720
user721	password721
user722	password722
user723	password723
user724	password724
user725	password725
user726	password726
user727	password727
user728	password728
user729	password729
user730	password730
user731	password731
user732	password732
user733	password733
user734	password734
user735	password735
user736	password736
user737	password737
user738	password738
user739	password739
user740	password740
user741	password741
user742	password742
user743	password743
user744	password744
user745	password745
user746	password746
user747	password747
user748	password748
user749	password749
user750	password750
user751	password751
user752	password752
user753	password753
user754	password754
user755	password755
user756	password756
user757	password757
user758	password758
user759	password759
user760	password760
user761	password761
user762	password762
user763	password763
user764	password764
user765	password765
user766	password766
user767	password767
user768	password768
user769	password769
user770	password770
user771	password771
user772	password772
user773	password773
user774	password774
user775	password775
user776	password776
user777	password777
user778	password778
user779	password779
user780	password780
user781	password781
user782	password782
user783	password783
user784	password784
user785	password785
user786	password786
user787	password787
user788	password788
user789	password789
user790	password790
user791	password791
user792	password792
user793	password793
user794	password794
user795	password795
user796	password796
user797	password797
user798	password798
user799	password799
user800	password800
user801	password801
user802	password802
user803	password803
user804	password804
user805	password805
user806	password806
user807	password807
user808	password808
user809	password809
user810	password810
user811	password811
user812	password812
user813	password813
user814	password814
user815	password815
user816	password816
user817	password817
user818	password818
user819	password819
user820	password820
user821	password821
user822	password822
user823	password823
user824	password824
user825	password825
user826	password826
user827	password827
user828	password828
user829	password829
user830	password830
user831	password831
user832	password832
user833	password833
user834	password834
user835	password835
user836	password836
user837	password837
user838	password838
user839	password839
user840	password840
user841	password841
user842	password842
user843	password843
user844	password844
user845	password845
user846	password846
user847	password847
user848	password848
user849	password849
user850	password850
user851	password851
user852	password852
user853	password853
user854	password854
user855	password855
user856	password856
user857	password857
user858	password858
user859	password859
user860	password860
user861	password861
user862	password862
user863	password863
user864	password864
user865	password865
user866	password866
user867	password867
user868	password868
user869	password869
user870	password870
user871	password871
user872	password872
user873	password873
user874	password874
user875	password875
user876	password876
user877	password877
user878	password878
user879	password879
user880	password880
user881	password881
user882	password882
user883	password883
user884	password884
user885	password885
user886	password886
user887	password887
user888	password888
user889	password889
user890	password890
user891	password891
user892	password892
user893	password893
user894	password894
user895	password895
user896	password896
user897	password897
user898	password898
user899	password899
user900	password900
user901	password901
user902	password902
user903	password903
user904	password904
user905	password905
user906	password906
user907	password907
user908	password908
user909	password909
user910	password910
user911	password911
user912	password912
user913	password913
user914	password914
user915	password915
user916	password916
user917	password917
user918	password918
user919	password919
user920	password920
user921	password921
user922	password922
user923	password923
user924	password924
user925	password925
user926	password926
user927	password927
user928	password928
user929	password929
user930	password930
user931	password931
user932	password932
user933	password933
user934	password934
user935	password935
user936	password936
user937	password937
user938	password938
user939	password939
user940	password940
user941	password941
user942	password942
user943	password943
user944	password944
user945	password945
user946	password946
user947	password947
user948	password948
user949	password949
user950	password950
user951	password951
user952	password952
user953	password953
user954	password954
user955	password955
user956	password956
user957	password957
user958	password958
user959	password959
user960	password960
user961	password961
user962	password962
user963	password963
user964	password964
user965	password965
user966	password966
user967	password967
user968	password968
user969	password969
user970	password970
user971	password971
user972	password972
user973	password973
user974	password974
user975	password975
user976	password976
user977	password977
user978	password978
user979	password979
user980	password980
user981	password981
user982	password982
user983	password983
user984	password984
user985	password985
user986	password986
user987	password987
user988	password988
user989	password989
user990	password990
user991	password991
user992	password992
user993	password993
user994	password994
user995	password995
user996	password996
user997	password997
user998	password998
user999	password999
user1000	password1000
user1001	password1001
user1002	password1002
user1003	password1003
user1004	password1004
user1005	password1005
user1006	password1006
user1007	password1007
user1008	password1008
user1009	password1009
user1010	password1010
user1011	password1011
user1012	password1012
user1013	password1013
user1014	password1014
user1015	password1015
user1016	password1016
user1017	password1017
user1018	password1018
user1019	password1019
user1020	password1020
user1021	password1021
user1022	password1022
user1023	password1023
user1024	password1024
user1025	password1025
user1026	password1026
user1027	password1027
user1028	password1028
user1029	password1029
user1030	password1030
user1031	password1031
user1032	password1032
user1033	password1033
user1034	password1034
user1035	password1035
user1036	password1036
user1037	password1037
user1038	password1038
user1039	password1039
user1040	password1040
user1041	password1041
user1042	password1042
user1043	password1043
user1044	password1044
user1045	password1045
user1046	password1046
user1047	password1047
user1048	password1048
user1049	password1049
user1050	password1050
user1051	password1051
user1052	password1052
user1053	password1053
user1054	password1054
user1055	password1055
user1056	password1056
user1057	password1057
user1058	password1058
user1059	password1059
user1060	password1060
user1061	password1061
user1062	password1062
user1063	password1063
user1064	password1064
user1065	password1065
user1066	password1066
user1067	password1067
user1068	password1068
user1069	password1069
user1070	password1070
user1071	password1071
user1072	password1072
user1073	password1073
user1074	password1074
user1075	password1075
user1076	password1076
user1077	password1077
user1078	password1078
user1079	password1079
user1080	password1080
user1081	password1081
user1082	password1082
user1083	password1083
user1084	password1084
user1085	password1085
user1086	password1086
user1087	password1087
user1088	password1088
user1089	password1089
user1090	password1090
user1091	password1091
user1092	password1092
user1093	password1093
user1094	password1094
user1095	password1095
user1096	password1096
user1097	password1097
user1098	password1098
user1099	password1099
user1100	password1100
user1101	password1101
user1102	password1102
user1103	password1103
user1104	password1104
user1105	password1105
user1106	password1106
user1107	password1107
user1108	password1108
user1109	password1109
user1110	password1110
user1111	password1111
user1112	password1112
user1113	password1113
user1114	password1114
user1115	password1115
user1116	password1116
user1117	password1117
user1118	password1118
user1119	password1119
user1120	password1120
user1121	password1121
user1122	password1122
user1123	password1123
user1124	password1124
user1125	password1125
user1126	password1126
user1127	password1127
user1128	password1128
user1129	password1129
user1130	password1130
user1131	password1131
user1132	password1132
user1133	password1133
user1134	password1134
user1135	password1135
user1136	password1136
user1137	password1137
user1138	password1138
user1139	password1139
user1140	password1140
user1141	password1141
user1142	password1142
user1143	password1143
user1144	password1144
user1145	password1145
user1146	password1146
user1147	password1147
user1148	password1148
user1149	password1149
user1150	password1150
user1151	password1151
user1152	password1152
user1153	password1153
user1154	password1154
user1155	password1155
user1156	password1156
user1157	password1157
user1158	password1158
user1159	password1159
user1160	password1160
user1161	password1161
user1162	password1162
user1163	password1163
user1164	password1164
user1165	password1165
user1166	password1166
user1167	password1167
user1168	password1168
user1169	password1169
user1170	password1170
user1171	password1171
user1172	password1172
user1173	password1173
user1174	password1174
user1175	password1175
user1176	password1176
user1177	password1177
user1178	password1178
user1179	password1179
user1180	password1180
user1181	password1181
user1182	password1182
user1183	password1183
user1184	password1184
user1185	password1185
user1186	password1186
user1187	password1187
user1188	password1188
user1189	password1189
user1190	password1190
user1191	password1191
user1192	password1192
user1193	password1193
user1194	password1194
user1195	password1195
user1196	password1196
user1197	password1197
user1198	password1198
user1199	password1199
user1200	password1200
user1201	password1201
user1202	password1202
user1203	password1203
user1204	password1204
user1205	password1205
user1206	password1206
user1207	password1207
user1208	password1208
user1209	password1209
user1210	password1210
user1211	password1211
user1212	password1212
user1213	password1213
user1214	password1214
user1215	password1215
user1216	password1216
user1217	password1217
user1218	password1218
user1219	password1219
user1220	password1220
user1221	password1221
user1222	password1222
user1223	password1223
user1224	password1224
user1225	password1225
user1226	password1226
user1227	password1227
user1228	password1228
user1229	password1229
user1230	password1230
user1231	password1231
user1232	password1232
user1233	password1233
user1234	password1234
user1235	password1235
user1236	password1236
user1237	password1237
user1238	password1238
user1239	password1239
user1240	password1240
user1241	password1241
user1242	password1242
user1243	password1243
user1244	password1244
user1245	password1245
user1246	password1246
user1247	password1247
user1248	password1248
user1249	password1249
user1250	password1250
user1251	password1251
user1252	password1252
user1253	password1253
user1254	password1254
user1255	password1255
user1256	password1256
user1257	password1257
user1258	password1258
user1259	password1259
user1260	password1260
user1261	password1261
user1262	password1262
user1263	password1263
user1264	password1264
user1265	password1265
user1266	password1266
user1267	password1267
user1268	password1268
user1269	password1269
user1270	password1270
user1271	password1271
user1272	password1272
user1273	password1273
user1274	password1274
user1275	password1275
user1276	password1276
user1277	password1277
user1278	password1278
user1279	password1279
user1280	password1280
user1281	password1281
user1282	password1282
user1283	password1283
user1284	password1284
user1285	password1285
user1286	password1286
user1287	password1287
user1288	password1288
user1289	password1289
user1290	password1290
user1291	password1291
user1292	password1292
user1293	password1293
user1294	password1294
user1295	password1295
user1296	password1296
user1297	password1297
user1298	password1298
user1299	password1299
user1300	password1300
user1301	password1301
user1302	password1302
user1303	password1303
user1304	password1304
user1305	password1305
user1306	password1306
user1307	password1307
user1308	password1308
user1309	password1309
user1310	password1310
user1311	password1311
user1312	password1312
user1313	password1313
user1314	password1314
user1315	password1315
user1316	password1316
user1317	password1317
user1318	password1318
user1319	password1319
user1320	password1320
user1321	password1321
user1322	password1322
user1323	password1323
user1324	password1324
user1325	password1325
user1326	password1326
user1327	password1327
user1328	password1328
user1329	password1329
user1330	password1330
user1331	password1331
user1332	password1332
user1333	password1333
user1334	password1334
user1335	password1335
user1336	password1336
user1337	password1337
user1338	password1338
user1339	password1339
user1340	password1340
user1341	password1341
user1342	password1342
user1343	password1343
user1344	password1344
user1345	password1345
user1346	password1346
user1347	password1347
user1348	password1348
user1349	password1349
user1350	password1350
user1351	password1351
user1352	password1352
user1353	password1353
user1354	password1354
user1355	password1355
user1356	password1356
user1357	password1357
user1358	password1358
user1359	password1359
user1360	password1360
user1361	password1361
user1362	password1362
user1363	password1363
user1364	password1364
user1365	password1365
user1366	password1366
user1367	password1367
user1368	password1368
user1369	password1369
user1370	password1370
user1371	password1371
user1372	password1372
user1373	password1373
user1374	password1374
user1375	password1375
user1376	password1376
user1377	password1377
user1378	password1378
user1379	password1379
user1380	password1380
user1381	password1381
user1382	password1382
user1383	password1383
user1384	password1384
user1385	password1385
user1386	password1386
user1387	password1387
user1388	password1388
user1389	password1389
user1390	password1390
user1391	password1391
user1392	password1392
user1393	password1393
user1394	password1394
user1395	password1395
user1396	password1396
user1397	password1397
user1398	password1398
user1399	password1399
user1400	password1400
user1401	password1401
user1402	password1402
user1403	password1403
user1404	password1404
user1405	password1405
user1406	password1406
user1407	password1407
user1408	password1408
user1409	password1409
user1410	password1410
user1411	password1411
user1412	password1412
user1413	password1413
user1414	password1414
user1415	password1415
user1416	password1416
user1417	password1417
user1418	password1418
user1419	password1419
user1420	password1420
user1421	password1421
user1422	password1422
user1423	password1423
user1424	password1424
user1425	password1425
user1426	password1426
user1427	password1427
user1428	password1428
user1429	password1429
user1430	password1430
user1431	password1431
user1432	password1432
user1433	password1433
user1434	password1434
user1435	password1435
user1436	password1436
user1437	password1437
user1438	password1438
user1439	password1439
user1440	password1440
user1441	password1441
user1442	password1442
user1443	password1443
user1444	password1444
user1445	password1445
user1446	password1446
user1447	password1447
user1448	password1448
user1449	password1449
user1450	password1450
user1451	password1451
user1452	password1452
user1453	password1453
user1454	password1454
user1455	password1455
user1456	password1456
user1457	password1457
user1458	password1458
user1459	password1459
user1460	password1460
user1461	password1461
user1462	password1462
user1463	password1463
user1464	password1464
user1465	password1465
user1466	password1466
user1467	password1467
user1468	password1468
user1469	password1469
user1470	password1470
user1471	password1471
user1472	password1472
user1473	password1473
user1474	password1474
user1475	password1475
user1476	password1476
user1477	password1477
user1478	password1478
user1479	password1479
user1480	password1480
user1481	password1481
user1482	password1482
user1483	password1483
user1484	password1484
user1485	password1485
user1486	password1486
user1487	password1487
user1488	password1488
user1489	password1489
user1490	password1490
user1491	password1491
user1492	password1492
user1493	password1493
user1494	password1494
user1495	password1495
user1496	password1496
user1497	password1497
user1498	password1498
user1499	password1499
user1500	password1500
user1501	password1501
user1502	password1502
user1503	password1503
user1504	password1504
user1505	password1505
user1506	password1506
user1507	password1507
user1508	password1508
user1509	password1509
user1510	password1510
user1511	password1511
user1512	password1512
user1513	password1513
user1514	password1514
user1515	password1515
user1516	password1516
user1517	password1517
user1518	password1518
user1519	password1519
user1520	password1520
user1521	password1521
user1522	password1522
user1523	password1523
user1524	password1524
user1525	password1525
user1526	password1526
user1527	password1527
user1528	password1528
user1529	password1529
user1530	password1530
user1531	password1531
user1532	password1532
user1533	password1533
user1534	password1534
user1535	password1535
user1536	password1536
user1537	password1537
user1538	password1538
user1539	password1539
user1540	password1540
user1541	password1541
user1542	password1542
user1543	password1543
user1544	password1544
user1545	password1545
user1546	password1546
user1547	password1547
user1548	password1548
user1549	password1549
user1550	password1550
user1551	password1551
user1552	password1552
user1553	password1553
user1554	password1554
user1555	password1555
user1556	password1556
user1557	password1557
user1558	password1558
user1559	password1559
user1560	password1560
user1561	password1561
user1562	password1562
user1563	password1563
user1564	password1564
user1565	password1565
user1566	password1566
user1567	password1567
user1568	password1568
user1569	password1569
user1570	password1570
user1571	password1571
user1572	password1572
user1573	password1573
user1574	password1574
user1575	password1575
user1576	password1576
user1577	password1577
user1578	password1578
user1579	password1579
user1580	password1580
user1581	password1581
user1582	password1582
user1583	password1583
user1584	password1584
user1585	password1585
user1586	password1586
user1587	password1587
user1588	password1588
user1589	password1589
user1590	password1590
user1591	password1591
user1592	password1592
user1593	password1593
user1594	password1594
user1595	password1595
user1596	password1596
user1597	password1597
user1598	password1598
user1599	password1599
user1600	password1600
user1601	password1601
user1602	password1602
user1603	password1603
user1604	password1604
user1605	password1605
user1606	password1606
user1607	password1607
user1608	password1608
user1609	password1609
user1610	password1610
user1611	password1611
user1612	password1612
user1613	password1613
user1614	password1614
user1615	password1615
user1616	password1616
user1617	password1617
user1618	password1618
user1619	password1619
user1620	password1620
user1621	password1621
user1622	password1622
user1623	password1623
user1624	password1624
user1625	password1625
user1626	password1626
user1627	password1627
user1628	password1628
user1629	password1629
user1630	password1630
user1631	password1631
user1632	password1632
user1633	password1633
user1634	password1634
user1635	password1635
user1636	password1636
user1637	password1637
user1638	password1638
user1639	password1639
user1640	password1640
user1641	password1641
user1642	password1642
user1643	password1643
user1644	password1644
user1645	password1645
user1646	password1646
user1647	password1647
user1648	password1648
user1649	password1649
user1650	password1650
user1651	password1651
user1652	password1652
user1653	password1653
user1654	password1654
user1655	password1655
user1656	password1656
user1657	password1657
user1658	password1658
user1659	password1659
user1660	password1660
user1661	password1661
user1662	password1662
user1663	password1663
user1664	password1664
user1665	password1665
user1666	password1666
user1667	password1667
user1668	password1668
user1669	password1669
user1670	password1670
user1671	password1671
user1672	password1672
user1673	password1673
user1674	password1674
user1675	password1675
user1676	password1676
user1677	password1677
user1678	password1678
user1679	password1679
user1680	password1680
user1681	password1681
user1682	password1682
user1683	password1683
user1684	password1684
user1685	password1685
user1686	password1686
user1687	password1687
user1688	password1688
user1689	password1689
user1690	password1690
user1691	password1691
user1692	password1692
user1693	password1693
user1694	password1694
user1695	password1695
user1696	password1696
user1697	password1697
user1698	password1698
user1699	password1699
user1700	password1700
user1701	password1701
user1702	password1702
user1703	password1703
user1704	password1704
user1705	password1705
user1706	password1706
user1707	password1707
user1708	password1708
user1709	password1709
user1710	password1710
user1711	password1711
user1712	password1712
user1713	password1713
user1714	password1714
user1715	password1715
user1716	password1716
user1717	password1717
user1718	password1718
user1719	password1719
user1720	password1720
user1721	password1721
user1722	password1722
user1723	password1723
user1724	password1724
user1725	password1725
user1726	password1726
user1727	password1727
user1728	password1728
user1729	password1729
user1730	password1730
user1731	password1731
user1732	password1732
user1733	password1733
user1734	password1734
user1735	password1735
user1736	password1736
user1737	password1737
user1738	password1738
user1739	password1739
user1740	password1740
user1741	password1741
user1742	password1742
user1743	password1743
user1744	password1744
user1745	password1745
user1746	password1746
user1747	password1747
user1748	password1748
user1749	password1749
user1750	password1750
user1751	password1751
user1752	password1752
user1753	password1753
user1754	password1754
user1755	password1755
user1756	password1756
user1757	password1757
user1758	password1758
user1759	password1759
user1760	password1760
user1761	password1761
user1762	password1762
user1763	password1763
user1764	password1764
user1765	password1765
user1766	password1766
user1767	password1767
user1768	password1768
user1769	password1769
user1770	password1770
user1771	password1771
user1772	password1772
user1773	password1773
user1774	password1774
user1775	password1775
user1776	password1776
user1777	password1777
user1778	password1778
user1779	password1779
user1780	password1780
user1781	password1781
user1782	password1782
user1783	password1783
user1784	password1784
user1785	password1785
user1786	password1786
user1787	password1787
user1788	password1788
user1789	password1789
user1790	password1790
user1791	password1791
user1792	password1792
user1793	password1793
user1794	password1794
user1795	password1795
user1796	password1796
user1797	password1797
user1798	password1798
user1799	password1799
user1800	password1800
user1801	password1801
user1802	password1802
user1803	password1803
user1804	password1804
user1805	password1805
user1806	password1806
user1807	password1807
user1808	password1808
user1809	password1809
user1810	password1810
user1811	password1811
user1812	password1812
user1813	password1813
user1814	password1814
user1815	password1815
user1816	password1816
user1817	password1817
user1818	password1818
user1819	password1819
user1820	password1820
user1821	password1821
user1822	password1822
user1823	password1823
user1824	password1824
user1825	password1825
user1826	password1826
user1827	password1827
user1828	password1828
user1829	password1829
user1830	password1830
user1831	password1831
user1832	password1832
user1833	password1833
user1834	password1834
user1835	password1835
user1836	password1836
user1837	password1837
user1838	password1838
user1839	password1839
user1840	password1840
user1841	password1841
user1842	password1842
user1843	password1843
user1844	password1844
user1845	password1845
user1846	password1846
user1847	password1847
user1848	password1848
user1849	password1849
user1850	password1850
user1851	password1851
user1852	password1852
user1853	password1853
user1854	password1854
user1855	password1855
user1856	password1856
user1857	password1857
user1858	password1858
user1859	password1859
user1860	password1860
user1861	password1861
user1862	password1862
user1863	password1863
user1864	password1864
user1865	password1865
user1866	password1866
user1867	password1867
user1868	password1868
user1869	password1869
user1870	password1870
user1871	password1871
user1872	password1872
user1873	password1873
user1874	password1874
user1875	password1875
user1876	password1876
user1877	password1877
user1878	password1878
user1879	password1879
user1880	password1880
user1881	password1881
user1882	password1882
user1883	password1883
user1884	password1884
user1885	password1885
user1886	password1886
user1887	password1887
user1888	password1888
user1889	password1889
user1890	password1890
user1891	password1891
user1892	password1892
user1893	password1893
user1894	password1894
user1895	password1895
user1896	password1896
user1897	password1897
user1898	password1898
user1899	password1899
user1900	password1900
user1901	password1901
user1902	password1902
user1903	password1903
user1904	password1904
user1905	password1905
user1906	password1906
user1907	password1907
user1908	password1908
user1909	password1909
user1910	password1910
user1911	password1911
user1912	password1912
user1913	password1913
user1914	password1914
user1915	password1915
user1916	password1916
user1917	password1917
user1918	password1918
user1919	password1919
user1920	password1920
user1921	password1921
user1922	password1922
user1923	password1923
user1924	password1924
user1925	password1925
user1926	password1926
user1927	password1927
user1928	password1928
user1929	password1929
user1930	password1930
user1931	password1931
user1932	password1932
user1933	password1933
user1934	password1934
user1935	password1935
user1936	password1936
user1937	password1937
user1938	password1938
user1939	password1939
user1940	password1940
user1941	password1941
user1942	password1942
user1943	password1943
user1944	password1944
user1945	password1945
user1946	password1946
user1947	password1947
user1948	password1948
user1949	password1949
user1950	password1950
user1951	password1951
user1952	password1952
user1953	password1953
user1954	password1954
user1955	password1955
user1956	password1956
user1957	password1957
user1958	password1958
user1959	password1959
user1960	password1960
user1961	password1961
user1962	password1962
user1963	password1963
user1964	password1964
user1965	password1965
user1966	password1966
user1967	password1967
user1968	password1968
user1969	password1969
user1970	password1970
user1971	password1971
user1972	password1972
user1973	password1973
user1974	password1974
user1975	password1975
user1976	password1976
user1977	password1977
user1978	password1978
user1979	password1979
user1980	password1980
user1981	password1981
user1982	password1982
user1983	password1983
user1984	password1984
user1985	password1985
user1986	password1986
user1987	password1987
user1988	password1988
user1989	password1989
user1990	password1990
user1991	password1991
user1992	password1992
user1993	password1993
user1994	password1994
user1995	password1995
user1996	password1996
user1997	password1997
user1998	password1998
user1999	password1999
user2000	password2000
