user0	userpass0
user1	userpass1
user2	userpass2
user3	userpass3
user4	userpass4
user5	userpass5
user6	userpass6
user7	userpass7
user8	userpass8
user9	userpass9
user10	userpass10
user11	userpass11
user12	userpass12
user13	userpass13
user14	userpass14
user15	userpass15
user16	userpass16
user17	userpass17
user18	userpass18
user19	userpass19
user20	userpass20
user21	userpass21
user22	userpass22
user23	userpass23
user24	userpass24
user25	userpass25
user26	userpass26
user27	userpass27
user28	userpass28
user29	userpass29
user30	userpass30
user31	userpass31
user32	userpass32
user33	userpass33
user34	userpass34
user35	userpass35
user36	userpass36
user37	userpass37
user38	userpass38
user39	userpass39
user40	userpass40
user41	userpass41
user42	userpass42
user43	userpass43
user44	userpass44
user45	userpass45
user46	userpass46
user47	userpass47
user48	userpass48
user49	userpass49
user50	userpass50
user51	userpass51
user52	userpass52
user53	userpass53
user54	userpass54
user55	userpass55
user56	userpass56
user57	userpass57
user58	userpass58
user59	userpass59
user60	userpass60
user61	userpass61
user62	userpass62
user63	userpass63
user64	userpass64
user65	userpass65
user66	userpass66
user67	userpass67
user68	userpass68
user69	userpass69
user70	userpass70
user71	userpass71
user72	userpass72
user73	userpass73
user74	userpass74
user75	userpass75
user76	userpass76
user77	userpass77
user78	userpass78
user79	userpass79
user80	userpass80
user81	userpass81
user82	userpass82
user83	userpass83
user84	userpass84
user85	userpass85
user86	userpass86
user87	userpass87
user88	userpass88
user89	userpass89
user90	userpass90
user91	userpass91
user92	userpass92
user93	userpass93
user94	userpass94
user95	userpass95
user96	userpass96
user97	userpass97
user98	userpass98
user99	userpass99
