firstname0	lastname0
firstname1	lastname1
firstname2	lastname2
firstname3	lastname3
firstname4	lastname4
firstname5	lastname5
firstname6	lastname6
firstname7	lastname7
firstname8	lastname8
firstname9	lastname9
firstname10	lastname10
firstname11	lastname11
firstname12	lastname12
firstname13	lastname13
firstname14	lastname14
firstname15	lastname15
firstname16	lastname16
firstname17	lastname17
firstname18	lastname18
firstname19	lastname19
firstname20	lastname20
firstname21	lastname21
firstname22	lastname22
firstname23	lastname23
firstname24	lastname24
firstname25	lastname25
firstname26	lastname26
firstname27	lastname27
firstname28	lastname28
firstname29	lastname29
firstname30	lastname30
firstname31	lastname31
firstname32	lastname32
firstname33	lastname33
firstname34	lastname34
firstname35	lastname35
firstname36	lastname36
firstname37	lastname37
firstname38	lastname38
firstname39	lastname39
firstname40	lastname40
firstname41	lastname41
firstname42	lastname42
firstname43	lastname43
firstname44	lastname44
firstname45	lastname45
firstname46	lastname46
firstname47	lastname47
firstname48	lastname48
firstname49	lastname49
firstname50	lastname50
firstname51	lastname51
firstname52	lastname52
firstname53	lastname53
firstname54	lastname54
firstname55	lastname55
firstname56	lastname56
firstname57	lastname57
firstname58	lastname58
firstname59	lastname59
firstname60	lastname60
firstname61	lastname61
firstname62	lastname62
firstname63	lastname63
firstname64	lastname64
firstname65	lastname65
firstname66	lastname66
firstname67	lastname67
firstname68	lastname68
firstname69	lastname69
firstname70	lastname70
firstname71	lastname71
firstname72	lastname72
firstname73	lastname73
firstname74	lastname74
firstname75	lastname75
firstname76	lastname76
firstname77	lastname77
firstname78	lastname78
firstname79	lastname79
firstname80	lastname80
firstname81	lastname81
firstname82	lastname82
firstname83	lastname83
firstname84	lastname84
firstname85	lastname85
firstname86	lastname86
firstname87	lastname87
firstname88	lastname88
firstname89	lastname89
firstname90	lastname90
firstname91	lastname91
firstname92	lastname92
firstname93	lastname93
firstname94	lastname94
firstname95	lastname95
firstname96	lastname96
firstname97	lastname97
firstname98	lastname98
firstname99	lastname99
