user10	password10	ACC26	ACC27
user100	password100	ACC292	ACC293
user1002	password1002	ACC3015	ACC3016	ACC3017
user1003	password1003	ACC3018	ACC3019	ACC3020	ACC3021
user1006	password1006	ACC3026	ACC3027	ACC3028	ACC3029
user1007	password1007	ACC3030	ACC3031
user1008	password1008	ACC3032	ACC3033
user1009	password1009	ACC3034	ACC3035	ACC3036	ACC3037
user1011	password1011	ACC3042	ACC3043	ACC3044
user1012	password1012	ACC3045	ACC3046
user1013	password1013	ACC3047	ACC3048
user1014	password1014	ACC3049	ACC3050	ACC3051	ACC3052
user1016	password1016	ACC3057	ACC3058	ACC3059
user1018	password1018	ACC3064	ACC3065	ACC3066
user1019	password1019	ACC3067	ACC3068	ACC3069
user1021	password1021	ACC3074	ACC3075	ACC3076
user1023	password1023	ACC3079	ACC3080	ACC3081
user1024	password1024	ACC3082	ACC3083	ACC3084	ACC3085
user1025	password1025	ACC3086	ACC3087
user1026	password1026	ACC3088	ACC3089
user1028	password1028	ACC3094	ACC3095	ACC3096
user1029	password1029	ACC3097	ACC3098	ACC3099	ACC3100
user103	password103	ACC299	ACC300
user1030	password1030	ACC3101	ACC3102
user1031	password1031	ACC3103	ACC3104	ACC3105
user1032	password1032	ACC3106	ACC3107	ACC3108
user1033	password1033	ACC3109	ACC3110
user1034	password1034	ACC3111	ACC3112	ACC3113
user1035	password1035	ACC3114	ACC3115	ACC3116
user1036	password1036	ACC3117	ACC3118	ACC3119	ACC3120
user1037	password1037	ACC3121	ACC3122	ACC3123	ACC3124
user1038	password1038	ACC3125	ACC3126
user1039	password1039	ACC3127	ACC3128	ACC3129	ACC3130
user104	password104	ACC301	ACC302	ACC303	ACC304
user1041	password1041	ACC3133	ACC3134	ACC3135	ACC3136
user1042	password1042	ACC3137	ACC3138	ACC3139	ACC3140
user1043	password1043	ACC3141	ACC3142	ACC3143	ACC3144
user1045	password1045	ACC3149	ACC3150	ACC3151
user1048	password1048	ACC3159	ACC3160	ACC3161
user1049	password1049	ACC3162	ACC3163	ACC3164	ACC3165
user105	password105	ACC305	ACC306
user1051	password1051	ACC3168	ACC3169
user1054	password1054	ACC3176	ACC3177	ACC3178	ACC3179
user1055	password1055	ACC3180	ACC3181	ACC3182
user1059	password1059	ACC3192	ACC3193	ACC3194
user106	password106	ACC307	ACC308
user1060	password1060	ACC3195	ACC3196
user1061	password1061	ACC3197	ACC3198	ACC3199
user1062	password1062	ACC3200	ACC3201	ACC3202	ACC3203
user1063	password1063	ACC3204	ACC3205	ACC3206
user1064	password1064	ACC3207	ACC3208	ACC3209
user1066	password1066	ACC3213	ACC3214	ACC3215	ACC3216
user1067	password1067	ACC3217	ACC3218
user1068	password1068	ACC3219	ACC3220	ACC3221	ACC3222
user1069	password1069	ACC3223	ACC3224
user107	password107	ACC309	ACC310
user1070	password1070	ACC3225	ACC3226	ACC3227
user1071	password1071	ACC3228	ACC3229	ACC3230	ACC3231
user1072	password1072	ACC3232	ACC3233	ACC3234
user1073	password1073	ACC3235	ACC3236	ACC3237	ACC3238
user1075	password1075	ACC3243	ACC3244	ACC3245	ACC3246
user1076	password1076	ACC3247	ACC3248
user1078	password1078	ACC3252	ACC3253
user1079	password1079	ACC3254	ACC3255	ACC3256
user108	password108	ACC311	ACC312	ACC313	ACC314
user1081	password1081	ACC3259	ACC3260
user1082	password1082	ACC3261	ACC3262	ACC3263
user1083	password1083	ACC3264	ACC3265	ACC3266	ACC3267
user1084	password1084	ACC3268	ACC3269
user1086	password1086	ACC3272	ACC3273	ACC3274	ACC3275
user1087	password1087	ACC3276	ACC3277
user1088	password1088	ACC3278	ACC3279
user1089	password1089	ACC3280	ACC3281	ACC3282
user109	password109	ACC315	ACC316
user1090	password1090	ACC3283	ACC3284	ACC3285
user1091	password1091	ACC3286	ACC3287	ACC3288	ACC3289
user1093	password1093	ACC3294	ACC3295	ACC3296	ACC3297
user1094	password1094	ACC3298	ACC3299
user1095	password1095	ACC3300	ACC3301	ACC3302	ACC3303
user1096	password1096	ACC3304	ACC3305	ACC3306	ACC3307
user1097	password1097	ACC3308	ACC3309
user1098	password1098	ACC3310	ACC3311	ACC3312	ACC3313
user1099	password1099	ACC3314	ACC3315
user11	password11	ACC28	ACC29
user110	password110	ACC317	ACC318	ACC319
user1100	password1100	ACC3316	ACC3317	ACC3318
user1102	password1102	ACC3322	ACC3323	ACC3324	ACC3325
user1103	password1103	ACC3326	ACC3327
user1104	password1104	ACC3328	ACC3329
user1108	password1108	ACC3339	ACC3340	ACC3341	ACC3342
user1109	password1109	ACC3343	ACC3344	ACC3345	ACC3346
user111	password111	ACC320	ACC321	ACC322
user1111	password1111	ACC3350	ACC3351
user1113	password1113	ACC3356	ACC3357	ACC3358	ACC3359
user1114	password1114	ACC3360	ACC3361	ACC3362
user1115	password1115	ACC3363	ACC3364	ACC3365
user1116	password1116	ACC3366	ACC3367	ACC3368	ACC3369
user1117	password1117	ACC3370	ACC3371	ACC3372	ACC3373
user1118	password1118	ACC3374	ACC3375
user1119	password1119	ACC3376	ACC3377
user112	password112	ACC323	ACC324	ACC325	ACC326
user1121	password1121	ACC3381	ACC3382
user1122	password1122	ACC3383	ACC3384
user1123	password1123	ACC3385	ACC3386	ACC3387
user1124	password1124	ACC3388	ACC3389	ACC3390
user1125	password1125	ACC3391	ACC3392	ACC3393
user1127	password1127	ACC3396	ACC3397	ACC3398
user1128	password1128	ACC3399	ACC3400	ACC3401	ACC3402
user113	password113	ACC327	ACC328	ACC329	ACC330
user1130	password1130	ACC3407	ACC3408
user1131	password1131	ACC3409	ACC3410	ACC3411
user1133	password1133	ACC3416	ACC3417
user1135	password1135	ACC3420	ACC3421
user1136	password1136	ACC3422	ACC3423
user1139	password1139	ACC3428	ACC3429	ACC3430	ACC3431
user114	password114	ACC331	ACC332	ACC333	ACC334
user1141	password1141	ACC3434	ACC3435
user1142	password1142	ACC3436	ACC3437
user1143	password1143	ACC3438	ACC3439
user1144	password1144	ACC3440	ACC3441	ACC3442
user1145	password1145	ACC3443	ACC3444	ACC3445	ACC3446
user1147	password1147	ACC3451	ACC3452	ACC3453	ACC3454
user1148	password1148	ACC3455	ACC3456	ACC3457	ACC3458
user1149	password1149	ACC3459	ACC3460
user115	password115	ACC335	ACC336
user1150	password1150	ACC3461	ACC3462
user1151	password1151	ACC3463	ACC3464	ACC3465	ACC3466
user1152	password1152	ACC3467	ACC3468	ACC3469
user1154	password1154	ACC3473	ACC3474
user1156	password1156	ACC3479	ACC3480
user1157	password1157	ACC3481	ACC3482
user1159	password1159	ACC3487	ACC3488
user1162	password1162	ACC3495	ACC3496	ACC3497	ACC3498
user1163	password1163	ACC3499	ACC3500	ACC3501	ACC3502
user1164	password1164	ACC3503	ACC3504	ACC3505	ACC3506
user1166	password1166	ACC3509	ACC3510
user1168	password1168	ACC3513	ACC3514	ACC3515
user1169	password1169	ACC3516	ACC3517	ACC3518	ACC3519
user1170	password1170	ACC3520	ACC3521	ACC3522	ACC3523
user1171	password1171	ACC3524	ACC3525	ACC3526
user1172	password1172	ACC3527	ACC3528
user1174	password1174	ACC3531	ACC3532
user1175	password1175	ACC3533	ACC3534	ACC3535	ACC3536
user1176	password1176	ACC3537	ACC3538	ACC3539
user1177	password1177	ACC3540	ACC3541	ACC3542	ACC3543
user1178	password1178	ACC3544	ACC3545	ACC3546
user1179	password1179	ACC3547	ACC3548	ACC3549	ACC3550
user118	password118	ACC342	ACC343	ACC344
user1180	password1180	ACC3551	ACC3552	ACC3553	ACC3554
user1181	password1181	ACC3555	ACC3556	ACC3557
user1182	password1182	ACC3558	ACC3559
user1183	password1183	ACC3560	ACC3561
user1185	password1185	ACC3565	ACC3566	ACC3567	ACC3568
user1186	password1186	ACC3569	ACC3570	ACC3571
user119	password119	ACC345	ACC346
user1190	password1190	ACC3580	ACC3581	ACC3582	ACC3583
user1191	password1191	ACC3584	ACC3585
user1192	password1192	ACC3586	ACC3587	ACC3588	ACC3589
user1193	password1193	ACC3590	ACC3591	ACC3592
user1195	password1195	ACC3597	ACC3598	ACC3599
user1197	password1197	ACC3604	ACC3605	ACC3606
user1198	password1198	ACC3607	ACC3608	ACC3609
user1199	password1199	ACC3610	ACC3611	ACC3612	ACC3613
user1200	password1200	ACC3614	ACC3615
user1201	password1201	ACC3616	ACC3617	ACC3618	ACC3619
user1204	password1204	ACC3625	ACC3626
user1207	password1207	ACC3633	ACC3634	ACC3635
user1208	password1208	ACC3636	ACC3637
user1209	password1209	ACC3638	ACC3639	ACC3640
user121	password121	ACC350	ACC351
user1210	password1210	ACC3641	ACC3642	ACC3643	ACC3644
user1211	password1211	ACC3645	ACC3646	ACC3647
user1212	password1212	ACC3648	ACC3649	ACC3650
user1214	password1214	ACC3654	ACC3655
user1215	password1215	ACC3656	ACC3657	ACC3658
user1217	password1217	ACC3662	ACC3663
user1218	password1218	ACC3664	ACC3665
user1219	password1219	ACC3666	ACC3667
user1220	password1220	ACC3668	ACC3669	ACC3670	ACC3671
user1221	password1221	ACC3672	ACC3673	ACC3674	ACC3675
user1223	password1223	ACC3680	ACC3681
user1224	password1224	ACC3682	ACC3683
user1225	password1225	ACC3684	ACC3685
user1226	password1226	ACC3686	ACC3687	ACC3688	ACC3689
user1227	password1227	ACC3690	ACC3691	ACC3692	ACC3693
user1228	password1228	ACC3694	ACC3695	ACC3696
user1229	password1229	ACC3697	ACC3698	ACC3699
user123	password123	ACC354	ACC355	ACC356	ACC357
user1231	password1231	ACC3702	ACC3703	ACC3704
user1232	password1232	ACC3705	ACC3706
user1233	password1233	ACC3707	ACC3708	ACC3709	ACC3710
user1234	password1234	ACC3711	ACC3712	ACC3713
user1235	password1235	ACC3714	ACC3715
user1236	password1236	ACC3716	ACC3717	ACC3718
user1237	password1237	ACC3719	ACC3720	ACC3721
user1239	password1239	ACC3725	ACC3726	ACC3727	ACC3728
user124	password124	ACC358	ACC359
user1242	password1242	ACC3737	ACC3738	ACC3739	ACC3740
user1244	password1244	ACC3745	ACC3746	ACC3747	ACC3748
user1245	password1245	ACC3749	ACC3750
user1246	password1246	ACC3751	ACC3752
user1248	password1248	ACC3755	ACC3756	ACC3757	ACC3758
user1249	password1249	ACC3759	ACC3760	ACC3761	ACC3762
user125	password125	ACC360	ACC361	ACC362
user1250	password1250	ACC3763	ACC3764	ACC3765
user1251	password1251	ACC3766	ACC3767	ACC3768	ACC3769
user1252	password1252	ACC3770	ACC3771	ACC3772	ACC3773
user1253	password1253	ACC3774	ACC3775	ACC3776	ACC3777
user1254	password1254	ACC3778	ACC3779	ACC3780	ACC3781
user1255	password1255	ACC3782	ACC3783	ACC3784	ACC3785
user1256	password1256	ACC3786	ACC3787	ACC3788	ACC3789
user1257	password1257	ACC3790	ACC3791	ACC3792
user1259	password1259	ACC3796	ACC3797
user126	password126	ACC363	ACC364
user1260	password1260	ACC3798	ACC3799	ACC3800	ACC3801
user1261	password1261	ACC3802	ACC3803
user1262	password1262	ACC3804	ACC3805
user1263	password1263	ACC3806	ACC3807
user1264	password1264	ACC3808	ACC3809
user1265	password1265	ACC3810	ACC3811	ACC3812	ACC3813
user1267	password1267	ACC3816	ACC3817
user127	password127	ACC365	ACC366	ACC367	ACC368
user1270	password1270	ACC3824	ACC3825	ACC3826	ACC3827
user1271	password1271	ACC3828	ACC3829
user1272	password1272	ACC3830	ACC3831
user1273	password1273	ACC3832	ACC3833
user1274	password1274	ACC3834	ACC3835	ACC3836
user1275	password1275	ACC3837	ACC3838	ACC3839	ACC3840
user1277	password1277	ACC3843	ACC3844
user1278	password1278	ACC3845	ACC3846
user1279	password1279	ACC3847	ACC3848
user128	password128	ACC369	ACC370	ACC371	ACC372
user1280	password1280	ACC3849	ACC3850
user1281	password1281	ACC3851	ACC3852	ACC3853
user1282	password1282	ACC3854	ACC3855	ACC3856
user1283	password1283	ACC3857	ACC3858
user1285	password1285	ACC3862	ACC3863	ACC3864
user1286	password1286	ACC3865	ACC3866	ACC3867
user1287	password1287	ACC3868	ACC3869
user1288	password1288	ACC3870	ACC3871
user1289	password1289	ACC3872	ACC3873
user1290	password1290	ACC3874	ACC3875
user1291	password1291	ACC3876	ACC3877	ACC3878	ACC3879
user1292	password1292	ACC3880	ACC3881	ACC3882
user1295	password1295	ACC3888	ACC3889	ACC3890	ACC3891
user1297	password1297	ACC3895	ACC3896
user1298	password1298	ACC3897	ACC3898	ACC3899
user1299	password1299	ACC3900	ACC3901
user13	password13	ACC34	ACC35	ACC36
user130	password130	ACC376	ACC377	ACC378	ACC379
user1300	password1300	ACC3902	ACC3903	ACC3904	ACC3905
user1301	password1301	ACC3906	ACC3907	ACC3908	ACC3909
user1303	password1303	ACC3913	ACC3914	ACC3915	ACC3916
user1304	password1304	ACC3917	ACC3918	ACC3919
user1306	password1306	ACC3924	ACC3925	ACC3926
user1307	password1307	ACC3927	ACC3928	ACC3929
user1308	password1308	ACC3930	ACC3931
user1309	password1309	ACC3932	ACC3933	ACC3934
user1313	password1313	ACC3942	ACC3943
user1314	password1314	ACC3944	ACC3945
user1315	password1315	ACC3946	ACC3947	ACC3948	ACC3949
user1316	password1316	ACC3950	ACC3951	ACC3952	ACC3953
user1318	password1318	ACC3956	ACC3957
user1319	password1319	ACC3958	ACC3959	ACC3960
user132	password132	ACC384	ACC385	ACC386
user1320	password1320	ACC3961	ACC3962
user1321	password1321	ACC3963	ACC3964	ACC3965
user1322	password1322	ACC3966	ACC3967	ACC3968
user1323	password1323	ACC3969	ACC3970
user1324	password1324	ACC3971	ACC3972	ACC3973
user1325	password1325	ACC3974	ACC3975	ACC3976	ACC3977
user1326	password1326	ACC3978	ACC3979
user1327	password1327	ACC3980	ACC3981	ACC3982
user1329	password1329	ACC3985	ACC3986
user133	password133	ACC387	ACC388	ACC389	ACC390
user1330	password1330	ACC3987	ACC3988
user1331	password1331	ACC3989	ACC3990	ACC3991
user1332	password1332	ACC3992	ACC3993
user1333	password1333	ACC3994	ACC3995	ACC3996	ACC3997
user1334	password1334	ACC3998	ACC3999	ACC4000
user1335	password1335	ACC4001	ACC4002
user1336	password1336	ACC4003	ACC4004
user1337	password1337	ACC4005	ACC4006	ACC4007
user1338	password1338	ACC4008	ACC4009
user134	password134	ACC391	ACC392	ACC393	ACC394
user1342	password1342	ACC4020	ACC4021	ACC4022	ACC4023
user1343	password1343	ACC4024	ACC4025	ACC4026	ACC4027
user1344	password1344	ACC4028	ACC4029	ACC4030	ACC4031
user1345	password1345	ACC4032	ACC4033
user1346	password1346	ACC4034	ACC4035	ACC4036	ACC4037
user1348	password1348	ACC4040	ACC4041	ACC4042
user1349	password1349	ACC4043	ACC4044	ACC4045	ACC4046
user1350	password1350	ACC4047	ACC4048	ACC4049
user1351	password1351	ACC4050	ACC4051
user1352	password1352	ACC4052	ACC4053
user1353	password1353	ACC4054	ACC4055	ACC4056
user1354	password1354	ACC4057	ACC4058
user1355	password1355	ACC4059	ACC4060	ACC4061
user1356	password1356	ACC4062	ACC4063	ACC4064	ACC4065
user1357	password1357	ACC4066	ACC4067	ACC4068	ACC4069
user1359	password1359	ACC4072	ACC4073	ACC4074
user136	password136	ACC397	ACC398
user1360	password1360	ACC4075	ACC4076	ACC4077
user1364	password1364	ACC4087	ACC4088	ACC4089
user1365	password1365	ACC4090	ACC4091	ACC4092	ACC4093
user1366	password1366	ACC4094	ACC4095	ACC4096
user1367	password1367	ACC4097	ACC4098
user1368	password1368	ACC4099	ACC4100
user137	password137	ACC399	ACC400
user1370	password1370	ACC4103	ACC4104	ACC4105
user1371	password1371	ACC4106	ACC4107
user1372	password1372	ACC4108	ACC4109	ACC4110	ACC4111
user1373	password1373	ACC4112	ACC4113	ACC4114	ACC4115
user1374	password1374	ACC4116	ACC4117
user1375	password1375	ACC4118	ACC4119
user1376	password1376	ACC4120	ACC4121	ACC4122
user1377	password1377	ACC4123	ACC4124
user138	password138	ACC401	ACC402
user1382	password1382	ACC4136	ACC4137
user1383	password1383	ACC4138	ACC4139	ACC4140
user1384	password1384	ACC4141	ACC4142	ACC4143	ACC4144
user1385	password1385	ACC4145	ACC4146	ACC4147	ACC4148
user1386	password1386	ACC4149	ACC4150
user1387	password1387	ACC4151	ACC4152
user1388	password1388	ACC4153	ACC4154	ACC4155
user139	password139	ACC403	ACC404	ACC405
user1392	password1392	ACC4165	ACC4166	ACC4167	ACC4168
user1393	password1393	ACC4169	ACC4170
user1394	password1394	ACC4171	ACC4172	ACC4173	ACC4174
user1395	password1395	ACC4175	ACC4176
user1396	password1396	ACC4177	ACC4178	ACC4179	ACC4180
user1398	password1398	ACC4184	ACC4185	ACC4186
user1399	password1399	ACC4187	ACC4188
user14	password14	ACC37	ACC38
user140	password140	ACC406	ACC407	ACC408	ACC409
user1400	password1400	ACC4189	ACC4190
user1401	password1401	ACC4191	ACC4192	ACC4193
user1402	password1402	ACC4194	ACC4195	ACC4196	ACC4197
user1403	password1403	ACC4198	ACC4199
user1405	password1405	ACC4204	ACC4205
user1406	password1406	ACC4206	ACC4207	ACC4208
user1407	password1407	ACC4209	ACC4210	ACC4211
user1408	password1408	ACC4212	ACC4213	ACC4214
user1409	password1409	ACC4215	ACC4216
user141	password141	ACC410	ACC411	ACC412
user1410	password1410	ACC4217	ACC4218
user1411	password1411	ACC4219	ACC4220	ACC4221
user1412	password1412	ACC4222	ACC4223
user1413	password1413	ACC4224	ACC4225	ACC4226
user1415	password1415	ACC4229	ACC4230	ACC4231	ACC4232
user1417	password1417	ACC4236	ACC4237	ACC4238	ACC4239
user1419	password1419	ACC4242	ACC4243
user142	password142	ACC413	ACC414	ACC415	ACC416
user1421	password1421	ACC4248	ACC4249	ACC4250	ACC4251
user1422	password1422	ACC4252	ACC4253	ACC4254
user1423	password1423	ACC4255	ACC4256	ACC4257
user1424	password1424	ACC4258	ACC4259
user1426	password1426	ACC4263	ACC4264	ACC4265
user1427	password1427	ACC4266	ACC4267	ACC4268	ACC4269
user1428	password1428	ACC4270	ACC4271
user1429	password1429	ACC4272	ACC4273	ACC4274
user143	password143	ACC417	ACC418	ACC419
user1430	password1430	ACC4275	ACC4276	ACC4277	ACC4278
user1431	password1431	ACC4279	ACC4280
user1432	password1432	ACC4281	ACC4282	ACC4283	ACC4284
user1434	password1434	ACC4289	ACC4290
user1435	password1435	ACC4291	ACC4292	ACC4293	ACC4294
user1436	password1436	ACC4295	ACC4296
user144	password144	ACC420	ACC421
user1441	password1441	ACC4306	ACC4307	ACC4308
user1443	password1443	ACC4313	ACC4314	ACC4315
user1444	password1444	ACC4316	ACC4317
user1445	password1445	ACC4318	ACC4319
user1446	password1446	ACC4320	ACC4321	ACC4322
user1447	password1447	ACC4323	ACC4324	ACC4325	ACC4326
user1448	password1448	ACC4327	ACC4328	ACC4329	ACC4330
user1449	password1449	ACC4331	ACC4332
user145	password145	ACC422	ACC423
user1450	password1450	ACC4333	ACC4334	ACC4335	ACC4336
user1452	password1452	ACC4341	ACC4342
user1453	password1453	ACC4343	ACC4344
user1454	password1454	ACC4345	ACC4346	ACC4347
user1455	password1455	ACC4348	ACC4349	ACC4350
user1456	password1456	ACC4351	ACC4352
user1457	password1457	ACC4353	ACC4354	ACC4355
user1458	password1458	ACC4356	ACC4357	ACC4358
user1459	password1459	ACC4359	ACC4360	ACC4361
user146	password146	ACC424	ACC425	ACC426
user1461	password1461	ACC4365	ACC4366	ACC4367	ACC4368
user1465	password1465	ACC4380	ACC4381	ACC4382
user1467	password1467	ACC4387	ACC4388
user1468	password1468	ACC4389	ACC4390
user147	password147	ACC427	ACC428	ACC429	ACC430
user1470	password1470	ACC4393	ACC4394
user1471	password1471	ACC4395	ACC4396
user1473	password1473	ACC4399	ACC4400	ACC4401	ACC4402
user1474	password1474	ACC4403	ACC4404
user1475	password1475	ACC4405	ACC4406	ACC4407
user1477	password1477	ACC4411	ACC4412
user1478	password1478	ACC4413	ACC4414	ACC4415
user1479	password1479	ACC4416	ACC4417	ACC4418	ACC4419
user148	password148	ACC431	ACC432	ACC433
user1480	password1480	ACC4420	ACC4421	ACC4422	ACC4423
user1482	password1482	ACC4428	ACC4429	ACC4430	ACC4431
user1483	password1483	ACC4432	ACC4433	ACC4434
user1484	password1484	ACC4435	ACC4436	ACC4437	ACC4438
user1485	password1485	ACC4439	ACC4440
user1486	password1486	ACC4441	ACC4442	ACC4443	ACC4444
user1487	password1487	ACC4445	ACC4446	ACC4447
user1488	password1488	ACC4448	ACC4449	ACC4450	ACC4451
user1489	password1489	ACC4452	ACC4453
user1490	password1490	ACC4454	ACC4455	ACC4456	ACC4457
user1491	password1491	ACC4458	ACC4459
user1493	password1493	ACC4464	ACC4465
user1494	password1494	ACC4466	ACC4467	ACC4468	ACC4469
user1495	password1495	ACC4470	ACC4471	ACC4472	ACC4473
user1496	password1496	ACC4474	ACC4475
user1497	password1497	ACC4476	ACC4477
user1499	password1499	ACC4482	ACC4483	ACC4484
user15	password15	ACC39	ACC40
user150	password150	ACC438	ACC439
user1500	password1500	ACC4485	ACC4486	ACC4487	ACC4488
user1501	password1501	ACC4489	ACC4490	ACC4491
user1503	password1503	ACC4494	ACC4495	ACC4496	ACC4497
user1504	password1504	ACC4498	ACC4499	ACC4500	ACC4501
user1505	password1505	ACC4502	ACC4503	ACC4504
user1507	password1507	ACC4509	ACC4510
user1508	password1508	ACC4511	ACC4512	ACC4513
user1509	password1509	ACC4514	ACC4515	ACC4516	ACC4517
user151	password151	ACC440	ACC441	ACC442	ACC443
user1511	password1511	ACC4520	ACC4521	ACC4522	ACC4523
user1513	password1513	ACC4527	ACC4528	ACC4529
user1514	password1514	ACC4530	ACC4531	ACC4532
user1515	password1515	ACC4533	ACC4534
user1518	password1518	ACC4540	ACC4541
user1519	password1519	ACC4542	ACC4543
user152	password152	ACC444	ACC445
user1520	password1520	ACC4544	ACC4545	ACC4546	ACC4547
user1521	password1521	ACC4548	ACC4549	ACC4550	ACC4551
user1522	password1522	ACC4552	ACC4553
user1523	password1523	ACC4554	ACC4555	ACC4556
user1524	password1524	ACC4557	ACC4558	ACC4559	ACC4560
user1525	password1525	ACC4561	ACC4562	ACC4563
user1526	password1526	ACC4564	ACC4565
user1527	password1527	ACC4566	ACC4567
user1529	password1529	ACC4570	ACC4571	ACC4572	ACC4573
user153	password153	ACC446	ACC447	ACC448	ACC449
user1530	password1530	ACC4574	ACC4575	ACC4576
user1531	password1531	ACC4577	ACC4578	ACC4579	ACC4580
user1537	password1537	ACC4598	ACC4599	ACC4600	ACC4601
user1539	password1539	ACC4605	ACC4606
user1543	password1543	ACC4616	ACC4617	ACC4618
user1544	password1544	ACC4619	ACC4620	ACC4621	ACC4622
user1545	password1545	ACC4623	ACC4624
user1547	password1547	ACC4628	ACC4629	ACC4630	ACC4631
user1548	password1548	ACC4632	ACC4633
user1549	password1549	ACC4634	ACC4635	ACC4636
user155	password155	ACC452	ACC453
user1550	password1550	ACC4637	ACC4638	ACC4639
user1552	password1552	ACC4643	ACC4644
user1554	password1554	ACC4648	ACC4649	ACC4650	ACC4651
user1555	password1555	ACC4652	ACC4653	ACC4654	ACC4655
user1556	password1556	ACC4656	ACC4657	ACC4658	ACC4659
user1558	password1558	ACC4663	ACC4664
user1559	password1559	ACC4665	ACC4666	ACC4667
user156	password156	ACC454	ACC455
user1561	password1561	ACC4672	ACC4673
user1562	password1562	ACC4674	ACC4675
user1564	password1564	ACC4679	ACC4680	ACC4681	ACC4682
user1565	password1565	ACC4683	ACC4684
user1566	password1566	ACC4685	ACC4686
user1567	password1567	ACC4687	ACC4688
user1568	password1568	ACC4689	ACC4690
user1569	password1569	ACC4691	ACC4692	ACC4693	ACC4694
user157	password157	ACC456	ACC457
user1571	password1571	ACC4699	ACC4700	ACC4701	ACC4702
user1572	password1572	ACC4703	ACC4704	ACC4705
user1573	password1573	ACC4706	ACC4707
user1574	password1574	ACC4708	ACC4709	ACC4710	ACC4711
user1576	password1576	ACC4715	ACC4716
user1577	password1577	ACC4717	ACC4718	ACC4719
user1578	password1578	ACC4720	ACC4721
user1580	password1580	ACC4724	ACC4725	ACC4726	ACC4727
user1581	password1581	ACC4728	ACC4729
user1582	password1582	ACC4730	ACC4731
user1583	password1583	ACC4732	ACC4733
user1584	password1584	ACC4734	ACC4735
user1585	password1585	ACC4736	ACC4737
user1586	password1586	ACC4738	ACC4739
user1587	password1587	ACC4740	ACC4741	ACC4742	ACC4743
user1588	password1588	ACC4744	ACC4745
user159	password159	ACC462	ACC463	ACC464	ACC465
user1590	password1590	ACC4748	ACC4749	ACC4750	ACC4751
user1591	password1591	ACC4752	ACC4753	ACC4754
user1592	password1592	ACC4755	ACC4756	ACC4757	ACC4758
user1593	password1593	ACC4759	ACC4760	ACC4761	ACC4762
user1594	password1594	ACC4763	ACC4764
user1595	password1595	ACC4765	ACC4766	ACC4767
user1596	password1596	ACC4768	ACC4769
user1597	password1597	ACC4770	ACC4771	ACC4772
user1598	password1598	ACC4773	ACC4774	ACC4775
user1599	password1599	ACC4776	ACC4777	ACC4778
user16	password16	ACC41	ACC42	ACC43	ACC44
user160	password160	ACC466	ACC467
user1601	password1601	ACC4782	ACC4783
user1602	password1602	ACC4784	ACC4785	ACC4786	ACC4787
user1604	password1604	ACC4790	ACC4791	ACC4792
user1605	password1605	ACC4793	ACC4794	ACC4795	ACC4796
user1606	password1606	ACC4797	ACC4798	ACC4799
user1607	password1607	ACC4800	ACC4801	ACC4802	ACC4803
user1608	password1608	ACC4804	ACC4805
user1609	password1609	ACC4806	ACC4807	ACC4808	ACC4809
user161	password161	ACC468	ACC469	ACC470
user1610	password1610	ACC4810	ACC4811	ACC4812
user1611	password1611	ACC4813	ACC4814	ACC4815
user1613	password1613	ACC4818	ACC4819
user1615	password1615	ACC4824	ACC4825	ACC4826	ACC4827
user1616	password1616	ACC4828	ACC4829	ACC4830
user1618	password1618	ACC4834	ACC4835	ACC4836	ACC4837
user1619	password1619	ACC4838	ACC4839	ACC4840	ACC4841
user162	password162	ACC471	ACC472
user1620	password1620	ACC4842	ACC4843	ACC4844	ACC4845
user1621	password1621	ACC4846	ACC4847	ACC4848
user1622	password1622	ACC4849	ACC4850	ACC4851	ACC4852
user1623	password1623	ACC4853	ACC4854
user1624	password1624	ACC4855	ACC4856	ACC4857	ACC4858
user1625	password1625	ACC4859	ACC4860	ACC4861
user1626	password1626	ACC4862	ACC4863	ACC4864
user1627	password1627	ACC4865	ACC4866	ACC4867
user1628	password1628	ACC4868	ACC4869
user163	password163	ACC473	ACC474	ACC475
user1630	password1630	ACC4874	ACC4875	ACC4876	ACC4877
user1631	password1631	ACC4878	ACC4879	ACC4880	ACC4881
user1632	password1632	ACC4882	ACC4883	ACC4884
user1633	password1633	ACC4885	ACC4886	ACC4887
user1634	password1634	ACC4888	ACC4889	ACC4890	ACC4891
user1635	password1635	ACC4892	ACC4893	ACC4894
user1636	password1636	ACC4895	ACC4896	ACC4897
user1638	password1638	ACC4901	ACC4902
user1639	password1639	ACC4903	ACC4904
user164	password164	ACC476	ACC477	ACC478	ACC479
user1640	password1640	ACC4905	ACC4906
user1642	password1642	ACC4909	ACC4910	ACC4911
user1643	password1643	ACC4912	ACC4913
user1644	password1644	ACC4914	ACC4915	ACC4916	ACC4917
user1645	password1645	ACC4918	ACC4919
user1646	password1646	ACC4920	ACC4921
user1648	password1648	ACC4926	ACC4927	ACC4928	ACC4929
user1649	password1649	ACC4930	ACC4931	ACC4932	ACC4933
user1650	password1650	ACC4934	ACC4935
user1651	password1651	ACC4936	ACC4937	ACC4938	ACC4939
user1652	password1652	ACC4940	ACC4941
user1653	password1653	ACC4942	ACC4943	ACC4944
user1654	password1654	ACC4945	ACC4946	ACC4947
user1655	password1655	ACC4948	ACC4949
user166	password166	ACC482	ACC483
user1660	password1660	ACC4960	ACC4961
user1662	password1662	ACC4965	ACC4966	ACC4967	ACC4968
user1663	password1663	ACC4969	ACC4970	ACC4971	ACC4972
user1664	password1664	ACC4973	ACC4974
user1665	password1665	ACC4975	ACC4976	ACC4977	ACC4978
user1666	password1666	ACC4979	ACC4980	ACC4981	ACC4982
user1667	password1667	ACC4983	ACC4984	ACC4985
user1669	password1669	ACC4990	ACC4991	ACC4992
user167	password167	ACC484	ACC485
user1670	password1670	ACC4993	ACC4994	ACC4995
user1671	password1671	ACC4996	ACC4997	ACC4998
user1672	password1672	ACC4999	ACC5000	ACC5001
user1674	password1674	ACC5006	ACC5007
user1675	password1675	ACC5008	ACC5009	ACC5010	ACC5011
user1676	password1676	ACC5012	ACC5013	ACC5014	ACC5015
user1678	password1678	ACC5019	ACC5020
user1679	password1679	ACC5021	ACC5022	ACC5023
user168	password168	ACC486	ACC487
user1681	password1681	ACC5027	ACC5028
user1683	password1683	ACC5032	ACC5033
user1685	password1685	ACC5038	ACC5039	ACC5040	ACC5041
user1686	password1686	ACC5042	ACC5043
user1688	password1688	ACC5046	ACC5047	ACC5048	ACC5049
user1689	password1689	ACC5050	ACC5051	ACC5052
user169	password169	ACC488	ACC489	ACC490
user1690	password1690	ACC5053	ACC5054	ACC5055	ACC5056
user1691	password1691	ACC5057	ACC5058
user1693	password1693	ACC5063	ACC5064
user1694	password1694	ACC5065	ACC5066
user1695	password1695	ACC5067	ACC5068	ACC5069
user1697	password1697	ACC5072	ACC5073	ACC5074	ACC5075
user1699	password1699	ACC5078	ACC5079	ACC5080
user170	password170	ACC491	ACC492	ACC493	ACC494
user1701	password1701	ACC5084	ACC5085
user1702	password1702	ACC5086	ACC5087	ACC5088
user1703	password1703	ACC5089	ACC5090	ACC5091
user1704	password1704	ACC5092	ACC5093
user1706	password1706	ACC5098	ACC5099
user1707	password1707	ACC5100	ACC5101	ACC5102	ACC5103
user1708	password1708	ACC5104	ACC5105	ACC5106	ACC5107
user171	password171	ACC495	ACC496
user1711	password1711	ACC5113	ACC5114	ACC5115	ACC5116
user1712	password1712	ACC5117	ACC5118	ACC5119	ACC5120
user1713	password1713	ACC5121	ACC5122
user1715	password1715	ACC5125	ACC5126	ACC5127
user1716	password1716	ACC5128	ACC5129
user1717	password1717	ACC5130	ACC5131	ACC5132	ACC5133
user1718	password1718	ACC5134	ACC5135	ACC5136	ACC5137
user1719	password1719	ACC5138	ACC5139	ACC5140
user1720	password1720	ACC5141	ACC5142	ACC5143
user1723	password1723	ACC5149	ACC5150
user1725	password1725	ACC5155	ACC5156	ACC5157
user1726	password1726	ACC5158	ACC5159
user1728	password1728	ACC5164	ACC5165	ACC5166	ACC5167
user1729	password1729	ACC5168	ACC5169	ACC5170
user173	password173	ACC499	ACC500
user1730	password1730	ACC5171	ACC5172	ACC5173	ACC5174
user1731	password1731	ACC5175	ACC5176	ACC5177
user1732	password1732	ACC5178	ACC5179
user1733	password1733	ACC5180	ACC5181	ACC5182	ACC5183
user1734	password1734	ACC5184	ACC5185
user1735	password1735	ACC5186	ACC5187	ACC5188	ACC5189
user1736	password1736	ACC5190	ACC5191	ACC5192
user1737	password1737	ACC5193	ACC5194	ACC5195	ACC5196
user1738	password1738	ACC5197	ACC5198	ACC5199
user1739	password1739	ACC5200	ACC5201	ACC5202	ACC5203
user174	password174	ACC501	ACC502	ACC503	ACC504
user1740	password1740	ACC5204	ACC5205	ACC5206	ACC5207
user1741	password1741	ACC5208	ACC5209	ACC5210	ACC5211
user1742	password1742	ACC5212	ACC5213	ACC5214	ACC5215
user1743	password1743	ACC5216	ACC5217	ACC5218
user1744	password1744	ACC5219	ACC5220
user1745	password1745	ACC5221	ACC5222	ACC5223
user1747	password1747	ACC5227	ACC5228	ACC5229
user1748	password1748	ACC5230	ACC5231	ACC5232	ACC5233
user1749	password1749	ACC5234	ACC5235	ACC5236
user175	password175	ACC505	ACC506
user1750	password1750	ACC5237	ACC5238	ACC5239
user1751	password1751	ACC5240	ACC5241
user1752	password1752	ACC5242	ACC5243
user1753	password1753	ACC5244	ACC5245	ACC5246
user1755	password1755	ACC5250	ACC5251
user1756	password1756	ACC5252	ACC5253	ACC5254
user1757	password1757	ACC5255	ACC5256	ACC5257
user176	password176	ACC507	ACC508	ACC509
user1762	password1762	ACC5269	ACC5270	ACC5271	ACC5272
user1764	password1764	ACC5276	ACC5277	ACC5278
user1765	password1765	ACC5279	ACC5280	ACC5281	ACC5282
user1766	password1766	ACC5283	ACC5284	ACC5285	ACC5286
user1767	password1767	ACC5287	ACC5288
user1768	password1768	ACC5289	ACC5290	ACC5291
user1769	password1769	ACC5292	ACC5293
user177	password177	ACC510	ACC511
user1770	password1770	ACC5294	ACC5295	ACC5296
user1771	password1771	ACC5297	ACC5298
user1772	password1772	ACC5299	ACC5300
user1773	password1773	ACC5301	ACC5302	ACC5303
user1774	password1774	ACC5304	ACC5305	ACC5306	ACC5307
user1775	password1775	ACC5308	ACC5309	ACC5310
user1776	password1776	ACC5311	ACC5312	ACC5313	ACC5314
user1777	password1777	ACC5315	ACC5316	ACC5317	ACC5318
user1778	password1778	ACC5319	ACC5320
user178	password178	ACC512	ACC513	ACC514	ACC515
user1780	password1780	ACC5323	ACC5324	ACC5325	ACC5326
user1781	password1781	ACC5327	ACC5328	ACC5329
user1782	password1782	ACC5330	ACC5331	ACC5332
user1783	password1783	ACC5333	ACC5334
user1785	password1785	ACC5338	ACC5339	ACC5340	ACC5341
user1786	password1786	ACC5342	ACC5343	ACC5344
user1789	password1789	ACC5349	ACC5350	ACC5351
user179	password179	ACC516	ACC517	ACC518
user1790	password1790	ACC5352	ACC5353	ACC5354
user1791	password1791	ACC5355	ACC5356
user1793	password1793	ACC5359	ACC5360	ACC5361
user1794	password1794	ACC5362	ACC5363	ACC5364
user1795	password1795	ACC5365	ACC5366	ACC5367	ACC5368
user1796	password1796	ACC5369	ACC5370
user1798	password1798	ACC5373	ACC5374	ACC5375
user1799	password1799	ACC5376	ACC5377
user18	password18	ACC47	ACC48
user180	password180	ACC519	ACC520	ACC521
user1800	password1800	ACC5378	ACC5379	ACC5380
user1801	password1801	ACC5381	ACC5382	ACC5383
user1806	password1806	ACC5397	ACC5398	ACC5399
user1807	password1807	ACC5400	ACC5401	ACC5402
user1809	password1809	ACC5406	ACC5407	ACC5408
user181	password181	ACC522	ACC523	ACC524
user1810	password1810	ACC5409	ACC5410
user1811	password1811	ACC5411	ACC5412
user1813	password1813	ACC5415	ACC5416	ACC5417	ACC5418
user1815	password1815	ACC5421	ACC5422	ACC5423
user1817	password1817	ACC5428	ACC5429	ACC5430
user1818	password1818	ACC5431	ACC5432
user1819	password1819	ACC5433	ACC5434	ACC5435	ACC5436
user182	password182	ACC525	ACC526
user1821	password1821	ACC5441	ACC5442	ACC5443	ACC5444
user1822	password1822	ACC5445	ACC5446	ACC5447	ACC5448
user1823	password1823	ACC5449	ACC5450	ACC5451	ACC5452
user1824	password1824	ACC5453	ACC5454	ACC5455
user1825	password1825	ACC5456	ACC5457
user1826	password1826	ACC5458	ACC5459	ACC5460
user1828	password1828	ACC5465	ACC5466	ACC5467
user1830	password1830	ACC5471	ACC5472
user1833	password1833	ACC5477	ACC5478
user1834	password1834	ACC5479	ACC5480	ACC5481
user1835	password1835	ACC5482	ACC5483	ACC5484	ACC5485
user1839	password1839	ACC5496	ACC5497	ACC5498
user184	password184	ACC530	ACC531	ACC532	ACC533
user1840	password1840	ACC5499	ACC5500	ACC5501	ACC5502
user1843	password1843	ACC5509	ACC5510
user1844	password1844	ACC5511	ACC5512
user1845	password1845	ACC5513	ACC5514	ACC5515	ACC5516
user1846	password1846	ACC5517	ACC5518	ACC5519
user1847	password1847	ACC5520	ACC5521
user1849	password1849	ACC5525	ACC5526	ACC5527	ACC5528
user185	password185	ACC534	ACC535	ACC536
user1850	password1850	ACC5529	ACC5530
user1851	password1851	ACC5531	ACC5532	ACC5533	ACC5534
user1852	password1852	ACC5535	ACC5536	ACC5537	ACC5538
user1853	password1853	ACC5539	ACC5540
user1854	password1854	ACC5541	ACC5542	ACC5543	ACC5544
user1855	password1855	ACC5545	ACC5546	ACC5547	ACC5548
user1856	password1856	ACC5549	ACC5550	ACC5551	ACC5552
user1857	password1857	ACC5553	ACC5554
user1858	password1858	ACC5555	ACC5556	ACC5557
user1859	password1859	ACC5558	ACC5559	ACC5560
user186	password186	ACC537	ACC538	ACC539
user1860	password1860	ACC5561	ACC5562	ACC5563	ACC5564
user1861	password1861	ACC5565	ACC5566
user1862	password1862	ACC5567	ACC5568	ACC5569	ACC5570
user1863	password1863	ACC5571	ACC5572
user1864	password1864	ACC5573	ACC5574
user1866	password1866	ACC5579	ACC5580
user1867	password1867	ACC5581	ACC5582
user1868	password1868	ACC5583	ACC5584	ACC5585
user1869	password1869	ACC5586	ACC5587
user187	password187	ACC540	ACC541
user1870	password1870	ACC5588	ACC5589	ACC5590
user1871	password1871	ACC5591	ACC5592	ACC5593	ACC5594
user1872	password1872	ACC5595	ACC5596	ACC5597	ACC5598
user1874	password1874	ACC5603	ACC5604	ACC5605	ACC5606
user1875	password1875	ACC5607	ACC5608
user1876	password1876	ACC5609	ACC5610	ACC5611
user1877	password1877	ACC5612	ACC5613
user1878	password1878	ACC5614	ACC5615
user1879	password1879	ACC5616	ACC5617	ACC5618
user188	password188	ACC542	ACC543
user1880	password1880	ACC5619	ACC5620	ACC5621	ACC5622
user1881	password1881	ACC5623	ACC5624	ACC5625
user1884	password1884	ACC5631	ACC5632	ACC5633	ACC5634
user1886	password1886	ACC5638	ACC5639	ACC5640	ACC5641
user1887	password1887	ACC5642	ACC5643
user1889	password1889	ACC5646	ACC5647	ACC5648	ACC5649
user189	password189	ACC544	ACC545	ACC546	ACC547
user1890	password1890	ACC5650	ACC5651
user1891	password1891	ACC5652	ACC5653	ACC5654
user1892	password1892	ACC5655	ACC5656
user1893	password1893	ACC5657	ACC5658	ACC5659	ACC5660
user1894	password1894	ACC5661	ACC5662
user1896	password1896	ACC5666	ACC5667	ACC5668
user1897	password1897	ACC5669	ACC5670	ACC5671	ACC5672
user1898	password1898	ACC5673	ACC5674	ACC5675	ACC5676
user1900	password1900	ACC5679	ACC5680	ACC5681	ACC5682
user1901	password1901	ACC5683	ACC5684	ACC5685
user1902	password1902	ACC5686	ACC5687
user1903	password1903	ACC5688	ACC5689
user1906	password1906	ACC5695	ACC5696
user1908	password1908	ACC5699	ACC5700	ACC5701	ACC5702
user1909	password1909	ACC5703	ACC5704	ACC5705	ACC5706
user1910	password1910	ACC5707	ACC5708
user1911	password1911	ACC5709	ACC5710	ACC5711
user1913	password1913	ACC5715	ACC5716	ACC5717	ACC5718
user1916	password1916	ACC5723	ACC5724
user1917	password1917	ACC5725	ACC5726	ACC5727	ACC5728
user1918	password1918	ACC5729	ACC5730	ACC5731	ACC5732
user1919	password1919	ACC5733	ACC5734
user192	password192	ACC553	ACC554	ACC555
user1920	password1920	ACC5735	ACC5736	ACC5737
user1921	password1921	ACC5738	ACC5739
user1923	password1923	ACC5743	ACC5744	ACC5745	ACC5746
user1924	password1924	ACC5747	ACC5748	ACC5749	ACC5750
user1925	password1925	ACC5751	ACC5752	ACC5753	ACC5754
user1926	password1926	ACC5755	ACC5756	ACC5757
user1928	password1928	ACC5760	ACC5761	ACC5762
user1929	password1929	ACC5763	ACC5764	ACC5765
user193	password193	ACC556	ACC557	ACC558	ACC559
user1930	password1930	ACC5766	ACC5767
user1932	password1932	ACC5771	ACC5772
user1934	password1934	ACC5777	ACC5778	ACC5779	ACC5780
user1935	password1935	ACC5781	ACC5782	ACC5783	ACC5784
user1936	password1936	ACC5785	ACC5786
user1937	password1937	ACC5787	ACC5788	ACC5789
user1939	password1939	ACC5793	ACC5794
user194	password194	ACC560	ACC561	ACC562	ACC563
user1940	password1940	ACC5795	ACC5796
user1941	password1941	ACC5797	ACC5798	ACC5799	ACC5800
user1943	password1943	ACC5805	ACC5806	ACC5807
user1944	password1944	ACC5808	ACC5809	ACC5810	ACC5811
user1946	password1946	ACC5815	ACC5816	ACC5817	ACC5818
user1947	password1947	ACC5819	ACC5820	ACC5821	ACC5822
user1948	password1948	ACC5823	ACC5824	ACC5825	ACC5826
user1949	password1949	ACC5827	ACC5828	ACC5829	ACC5830
user195	password195	ACC564	ACC565	ACC566	ACC567
user1950	password1950	ACC5831	ACC5832	ACC5833
user1951	password1951	ACC5834	ACC5835	ACC5836
user1952	password1952	ACC5837	ACC5838
user1953	password1953	ACC5839	ACC5840	ACC5841
user1955	password1955	ACC5845	ACC5846
user1956	password1956	ACC5847	ACC5848	ACC5849	ACC5850
user1957	password1957	ACC5851	ACC5852	ACC5853
user1958	password1958	ACC5854	ACC5855
user1959	password1959	ACC5856	ACC5857	ACC5858
user196	password196	ACC568	ACC569	ACC570
user1960	password1960	ACC5859	ACC5860	ACC5861	ACC5862
user1961	password1961	ACC5863	ACC5864
user1962	password1962	ACC5865	ACC5866
user1964	password1964	ACC5870	ACC5871	ACC5872	ACC5873
user1965	password1965	ACC5874	ACC5875	ACC5876
user1966	password1966	ACC5877	ACC5878	ACC5879
user1967	password1967	ACC5880	ACC5881	ACC5882
user1968	password1968	ACC5883	ACC5884	ACC5885
user1969	password1969	ACC5886	ACC5887	ACC5888
user197	password197	ACC571	ACC572	ACC573	ACC574
user1970	password1970	ACC5889	ACC5890	ACC5891	ACC5892
user1972	password1972	ACC5897	ACC5898
user1974	password1974	ACC5901	ACC5902
user1977	password1977	ACC5911	ACC5912
user1978	password1978	ACC5913	ACC5914	ACC5915
user1979	password1979	ACC5916	ACC5917	ACC5918
user1980	password1980	ACC5919	ACC5920	ACC5921	ACC5922
user1981	password1981	ACC5923	ACC5924
user1982	password1982	ACC5925	ACC5926	ACC5927
user1983	password1983	ACC5928	ACC5929	ACC5930	ACC5931
user1986	password1986	ACC5937	ACC5938
user1987	password1987	ACC5939	ACC5940
user1989	password1989	ACC5943	ACC5944	ACC5945	ACC5946
user199	password199	ACC578	ACC579	ACC580	ACC581
user1991	password1991	ACC5949	ACC5950
user1993	password1993	ACC5953	ACC5954	ACC5955	ACC5956
user1994	password1994	ACC5957	ACC5958	ACC5959
user1997	password1997	ACC5965	ACC5966
user1998	password1998	ACC5967	ACC5968	ACC5969	ACC5970
user1999	password1999	ACC5971	ACC5972	ACC5973
user2	password2	ACC5	ACC6
user20	password20	ACC53	ACC54	ACC55
user200	password200	ACC582	ACC583	ACC584	ACC585
user2000	password2000	ACC5974	ACC5975	ACC5976
user202	password202	ACC589	ACC590	ACC591	ACC592
user204	password204	ACC597	ACC598	ACC599	ACC600
user205	password205	ACC601	ACC602	ACC603	ACC604
user206	password206	ACC605	ACC606	ACC607	ACC608
user207	password207	ACC609	ACC610
user208	password208	ACC611	ACC612
user209	password209	ACC613	ACC614
user21	password21	ACC56	ACC57	ACC58
user210	password210	ACC615	ACC616	ACC617
user212	password212	ACC621	ACC622	ACC623	ACC624
user213	password213	ACC625	ACC626	ACC627	ACC628
user214	password214	ACC629	ACC630	ACC631	ACC632
user215	password215	ACC633	ACC634	ACC635
user216	password216	ACC636	ACC637	ACC638	ACC639
user218	password218	ACC644	ACC645	ACC646
user219	password219	ACC647	ACC648
user22	password22	ACC59	ACC60	ACC61
user220	password220	ACC649	ACC650
user222	password222	ACC655	ACC656	ACC657	ACC658
user223	password223	ACC659	ACC660
user226	password226	ACC669	ACC670	ACC671
user227	password227	ACC672	ACC673	ACC674	ACC675
user228	password228	ACC676	ACC677	ACC678
user23	password23	ACC62	ACC63	ACC64	ACC65
user230	password230	ACC681	ACC682	ACC683	ACC684
user231	password231	ACC685	ACC686	ACC687	ACC688
user232	password232	ACC689	ACC690	ACC691	ACC692
user233	password233	ACC693	ACC694	ACC695	ACC696
user234	password234	ACC697	ACC698	ACC699
user235	password235	ACC700	ACC701
user237	password237	ACC705	ACC706	ACC707	ACC708
user238	password238	ACC709	ACC710	ACC711
user24	password24	ACC66	ACC67	ACC68	ACC69
user240	password240	ACC715	ACC716	ACC717	ACC718
user241	password241	ACC719	ACC720	ACC721	ACC722
user242	password242	ACC723	ACC724	ACC725
user244	password244	ACC728	ACC729	ACC730	ACC731
user245	password245	ACC732	ACC733	ACC734
user246	password246	ACC735	ACC736
user247	password247	ACC737	ACC738
user249	password249	ACC742	ACC743
user25	password25	ACC70	ACC71
user250	password250	ACC744	ACC745
user251	password251	ACC746	ACC747
user252	password252	ACC748	ACC749	ACC750
user253	password253	ACC751	ACC752	ACC753	ACC754
user254	password254	ACC755	ACC756	ACC757	ACC758
user255	password255	ACC759	ACC760	ACC761
user256	password256	ACC762	ACC763
user257	password257	ACC764	ACC765	ACC766
user259	password259	ACC769	ACC770	ACC771	ACC772
user26	password26	ACC72	ACC73	ACC74
user260	password260	ACC773	ACC774	ACC775	ACC776
user262	password262	ACC779	ACC780	ACC781
user264	password264	ACC786	ACC787	ACC788	ACC789
user265	password265	ACC790	ACC791	ACC792
user267	password267	ACC795	ACC796
user268	password268	ACC797	ACC798	ACC799	ACC800
user27	password27	ACC75	ACC76	ACC77	ACC78
user270	password270	ACC805	ACC806
user271	password271	ACC807	ACC808	ACC809
user272	password272	ACC810	ACC811	ACC812	ACC813
user274	password274	ACC818	ACC819	ACC820
user275	password275	ACC821	ACC822	ACC823	ACC824
user276	password276	ACC825	ACC826	ACC827	ACC828
user277	password277	ACC829	ACC830	ACC831
user278	password278	ACC832	ACC833	ACC834
user279	password279	ACC835	ACC836
user28	password28	ACC79	ACC80
user280	password280	ACC837	ACC838	ACC839
user281	password281	ACC840	ACC841	ACC842	ACC843
user282	password282	ACC844	ACC845	ACC846	ACC847
user283	password283	ACC848	ACC849
user284	password284	ACC850	ACC851	ACC852
user285	password285	ACC853	ACC854	ACC855
user286	password286	ACC856	ACC857
user288	password288	ACC862	ACC863
user29	password29	ACC81	ACC82	ACC83	ACC84
user290	password290	ACC867	ACC868
user291	password291	ACC869	ACC870	ACC871	ACC872
user292	password292	ACC873	ACC874	ACC875
user293	password293	ACC876	ACC877	ACC878
user294	password294	ACC879	ACC880
user295	password295	ACC881	ACC882
user296	password296	ACC883	ACC884	ACC885	ACC886
user297	password297	ACC887	ACC888
user298	password298	ACC889	ACC890
user3	password3	ACC7	ACC8
user30	password30	ACC85	ACC86
user300	password300	ACC894	ACC895	ACC896	ACC897
user303	password303	ACC903	ACC904
user304	password304	ACC905	ACC906
user305	password305	ACC907	ACC908	ACC909	ACC910
user307	password307	ACC915	ACC916	ACC917
user308	password308	ACC918	ACC919	ACC920
user309	password309	ACC921	ACC922	ACC923
user31	password31	ACC87	ACC88
user310	password310	ACC924	ACC925
user311	password311	ACC926	ACC927	ACC928	ACC929
user312	password312	ACC930	ACC931	ACC932	ACC933
user313	password313	ACC934	ACC935	ACC936
user314	password314	ACC937	ACC938	ACC939
user315	password315	ACC940	ACC941	ACC942	ACC943
user316	password316	ACC944	ACC945	ACC946
user317	password317	ACC947	ACC948	ACC949	ACC950
user319	password319	ACC955	ACC956	ACC957	ACC958
user320	password320	ACC959	ACC960
user322	password322	ACC965	ACC966
user323	password323	ACC967	ACC968
user324	password324	ACC969	ACC970
user325	password325	ACC971	ACC972	ACC973	ACC974
user326	password326	ACC975	ACC976
user327	password327	ACC977	ACC978
user328	password328	ACC979	ACC980
user329	password329	ACC981	ACC982
user330	password330	ACC983	ACC984
user331	password331	ACC985	ACC986
user332	password332	ACC987	ACC988	ACC989
user334	password334	ACC994	ACC995
user335	password335	ACC996	ACC997
user336	password336	ACC998	ACC999
user337	password337	ACC1000	ACC1001
user338	password338	ACC1002	ACC1003	ACC1004
user339	password339	ACC1005	ACC1006	ACC1007	ACC1008
user340	password340	ACC1009	ACC1010	ACC1011
user341	password341	ACC1012	ACC1013
user342	password342	ACC1014	ACC1015	ACC1016	ACC1017
user343	password343	ACC1018	ACC1019	ACC1020	ACC1021
user345	password345	ACC1024	ACC1025	ACC1026
user346	password346	ACC1027	ACC1028	ACC1029	ACC1030
user347	password347	ACC1031	ACC1032
user348	password348	ACC1033	ACC1034	ACC1035	ACC1036
user349	password349	ACC1037	ACC1038	ACC1039
user351	password351	ACC1044	ACC1045	ACC1046	ACC1047
user353	password353	ACC1052	ACC1053	ACC1054
user354	password354	ACC1055	ACC1056
user355	password355	ACC1057	ACC1058	ACC1059
user356	password356	ACC1060	ACC1061	ACC1062	ACC1063
user357	password357	ACC1064	ACC1065
user36	password36	ACC100	ACC101	ACC102	ACC103
user361	password361	ACC1073	ACC1074	ACC1075	ACC1076
user362	password362	ACC1077	ACC1078	ACC1079	ACC1080
user363	password363	ACC1081	ACC1082
user364	password364	ACC1083	ACC1084	ACC1085
user366	password366	ACC1089	ACC1090	ACC1091
user367	password367	ACC1092	ACC1093	ACC1094	ACC1095
user369	password369	ACC1099	ACC1100	ACC1101	ACC1102
user37	password37	ACC104	ACC105	ACC106
user372	password372	ACC1107	ACC1108	ACC1109
user373	password373	ACC1110	ACC1111
user374	password374	ACC1112	ACC1113
user375	password375	ACC1114	ACC1115	ACC1116	ACC1117
user378	password378	ACC1124	ACC1125	ACC1126
user381	password381	ACC1134	ACC1135	ACC1136	ACC1137
user382	password382	ACC1138	ACC1139
user383	password383	ACC1140	ACC1141
user384	password384	ACC1142	ACC1143
user386	password386	ACC1148	ACC1149	ACC1150
user387	password387	ACC1151	ACC1152	ACC1153
user389	password389	ACC1158	ACC1159
user390	password390	ACC1160	ACC1161	ACC1162	ACC1163
user391	password391	ACC1164	ACC1165	ACC1166
user392	password392	ACC1167	ACC1168
user393	password393	ACC1169	ACC1170
user394	password394	ACC1171	ACC1172	ACC1173
user395	password395	ACC1174	ACC1175	ACC1176
user397	password397	ACC1181	ACC1182
user398	password398	ACC1183	ACC1184	ACC1185
user399	password399	ACC1186	ACC1187	ACC1188
user4	password4	ACC10	ACC9
user40	password40	ACC114	ACC115	ACC116	ACC117
user400	password400	ACC1189	ACC1190
user401	password401	ACC1191	ACC1192	ACC1193	ACC1194
user402	password402	ACC1195	ACC1196
user403	password403	ACC1197	ACC1198	ACC1199
user404	password404	ACC1200	ACC1201	ACC1202	ACC1203
user405	password405	ACC1204	ACC1205	ACC1206	ACC1207
user406	password406	ACC1208	ACC1209	ACC1210
user408	password408	ACC1214	ACC1215	ACC1216	ACC1217
user409	password409	ACC1218	ACC1219	ACC1220
user41	password41	ACC118	ACC119	ACC120	ACC121
user410	password410	ACC1221	ACC1222	ACC1223
user411	password411	ACC1224	ACC1225
user412	password412	ACC1226	ACC1227
user414	password414	ACC1230	ACC1231	ACC1232
user415	password415	ACC1233	ACC1234	ACC1235	ACC1236
user416	password416	ACC1237	ACC1238
user417	password417	ACC1239	ACC1240	ACC1241
user418	password418	ACC1242	ACC1243	ACC1244	ACC1245
user419	password419	ACC1246	ACC1247	ACC1248	ACC1249
user42	password42	ACC122	ACC123	ACC124
user420	password420	ACC1250	ACC1251
user421	password421	ACC1252	ACC1253	ACC1254	ACC1255
user423	password423	ACC1258	ACC1259
user425	password425	ACC1263	ACC1264
user427	password427	ACC1269	ACC1270
user428	password428	ACC1271	ACC1272	ACC1273
user429	password429	ACC1274	ACC1275
user43	password43	ACC125	ACC126	ACC127
user430	password430	ACC1276	ACC1277
user432	password432	ACC1281	ACC1282	ACC1283
user433	password433	ACC1284	ACC1285
user434	password434	ACC1286	ACC1287	ACC1288	ACC1289
user436	password436	ACC1292	ACC1293
user438	password438	ACC1298	ACC1299	ACC1300
user44	password44	ACC128	ACC129
user440	password440	ACC1304	ACC1305	ACC1306	ACC1307
user442	password442	ACC1310	ACC1311	ACC1312	ACC1313
user443	password443	ACC1314	ACC1315	ACC1316
user444	password444	ACC1317	ACC1318	ACC1319	ACC1320
user445	password445	ACC1321	ACC1322	ACC1323	ACC1324
user446	password446	ACC1325	ACC1326	ACC1327
user447	password447	ACC1328	ACC1329	ACC1330
user448	password448	ACC1331	ACC1332
user449	password449	ACC1333	ACC1334	ACC1335	ACC1336
user45	password45	ACC130	ACC131	ACC132	ACC133
user451	password451	ACC1341	ACC1342	ACC1343	ACC1344
user453	password453	ACC1348	ACC1349	ACC1350	ACC1351
user454	password454	ACC1352	ACC1353	ACC1354	ACC1355
user455	password455	ACC1356	ACC1357	ACC1358	ACC1359
user456	password456	ACC1360	ACC1361	ACC1362	ACC1363
user457	password457	ACC1364	ACC1365	ACC1366	ACC1367
user459	password459	ACC1372	ACC1373
user46	password46	ACC134	ACC135	ACC136
user463	password463	ACC1382	ACC1383	ACC1384	ACC1385
user465	password465	ACC1388	ACC1389
user466	password466	ACC1390	ACC1391	ACC1392
user469	password469	ACC1399	ACC1400
user47	password47	ACC137	ACC138	ACC139	ACC140
user470	password470	ACC1401	ACC1402	ACC1403
user471	password471	ACC1404	ACC1405
user473	password473	ACC1410	ACC1411	ACC1412
user474	password474	ACC1413	ACC1414
user477	password477	ACC1419	ACC1420	ACC1421
user478	password478	ACC1422	ACC1423	ACC1424	ACC1425
user479	password479	ACC1426	ACC1427	ACC1428	ACC1429
user48	password48	ACC141	ACC142
user481	password481	ACC1432	ACC1433	ACC1434
user483	password483	ACC1437	ACC1438
user485	password485	ACC1443	ACC1444	ACC1445	ACC1446
user486	password486	ACC1447	ACC1448
user487	password487	ACC1449	ACC1450	ACC1451	ACC1452
user488	password488	ACC1453	ACC1454	ACC1455
user489	password489	ACC1456	ACC1457	ACC1458
user49	password49	ACC143	ACC144	ACC145	ACC146
user490	password490	ACC1459	ACC1460	ACC1461	ACC1462
user492	password492	ACC1466	ACC1467	ACC1468
user493	password493	ACC1469	ACC1470
user494	password494	ACC1471	ACC1472	ACC1473	ACC1474
user495	password495	ACC1475	ACC1476	ACC1477	ACC1478
user496	password496	ACC1479	ACC1480
user497	password497	ACC1481	ACC1482	ACC1483	ACC1484
user498	password498	ACC1485	ACC1486	ACC1487	ACC1488
user499	password499	ACC1489	ACC1490
user5	password5	ACC11	ACC12	ACC13
user50	password50	ACC147	ACC148	ACC149
user500	password500	ACC1491	ACC1492	ACC1493
user502	password502	ACC1497	ACC1498
user503	password503	ACC1499	ACC1500
user504	password504	ACC1501	ACC1502	ACC1503
user505	password505	ACC1504	ACC1505
user506	password506	ACC1506	ACC1507
user507	password507	ACC1508	ACC1509	ACC1510
user51	password51	ACC150	ACC151	ACC152
user511	password511	ACC1519	ACC1520
user512	password512	ACC1521	ACC1522	ACC1523
user513	password513	ACC1524	ACC1525	ACC1526	ACC1527
user514	password514	ACC1528	ACC1529	ACC1530	ACC1531
user515	password515	ACC1532	ACC1533
user516	password516	ACC1534	ACC1535	ACC1536	ACC1537
user518	password518	ACC1540	ACC1541	ACC1542	ACC1543
user52	password52	ACC153	ACC154	ACC155	ACC156
user521	password521	ACC1551	ACC1552	ACC1553
user523	password523	ACC1556	ACC1557	ACC1558
user524	password524	ACC1559	ACC1560	ACC1561	ACC1562
user525	password525	ACC1563	ACC1564
user526	password526	ACC1565	ACC1566	ACC1567	ACC1568
user527	password527	ACC1569	ACC1570	ACC1571
user528	password528	ACC1572	ACC1573	ACC1574	ACC1575
user529	password529	ACC1576	ACC1577
user53	password53	ACC157	ACC158	ACC159	ACC160
user530	password530	ACC1578	ACC1579
user531	password531	ACC1580	ACC1581
user532	password532	ACC1582	ACC1583	ACC1584	ACC1585
user533	password533	ACC1586	ACC1587	ACC1588
user536	password536	ACC1593	ACC1594	ACC1595	ACC1596
user537	password537	ACC1597	ACC1598	ACC1599
user538	password538	ACC1600	ACC1601	ACC1602
user54	password54	ACC161	ACC162	ACC163	ACC164
user540	password540	ACC1606	ACC1607	ACC1608	ACC1609
user541	password541	ACC1610	ACC1611
user542	password542	ACC1612	ACC1613
user543	password543	ACC1614	ACC1615	ACC1616
user544	password544	ACC1617	ACC1618	ACC1619
user545	password545	ACC1620	ACC1621	ACC1622
user546	password546	ACC1623	ACC1624
user547	password547	ACC1625	ACC1626
user548	password548	ACC1627	ACC1628
user549	password549	ACC1629	ACC1630	ACC1631
user550	password550	ACC1632	ACC1633
user551	password551	ACC1634	ACC1635	ACC1636
user552	password552	ACC1637	ACC1638	ACC1639	ACC1640
user553	password553	ACC1641	ACC1642	ACC1643	ACC1644
user555	password555	ACC1649	ACC1650	ACC1651	ACC1652
user556	password556	ACC1653	ACC1654
user559	password559	ACC1661	ACC1662
user56	password56	ACC168	ACC169	ACC170
user560	password560	ACC1663	ACC1664	ACC1665	ACC1666
user561	password561	ACC1667	ACC1668
user562	password562	ACC1669	ACC1670	ACC1671
user563	password563	ACC1672	ACC1673	ACC1674
user565	password565	ACC1679	ACC1680
user566	password566	ACC1681	ACC1682
user567	password567	ACC1683	ACC1684	ACC1685	ACC1686
user568	password568	ACC1687	ACC1688	ACC1689
user569	password569	ACC1690	ACC1691
user57	password57	ACC171	ACC172	ACC173
user570	password570	ACC1692	ACC1693
user572	password572	ACC1696	ACC1697	ACC1698	ACC1699
user573	password573	ACC1700	ACC1701	ACC1702	ACC1703
user574	password574	ACC1704	ACC1705	ACC1706
user576	password576	ACC1710	ACC1711	ACC1712	ACC1713
user577	password577	ACC1714	ACC1715	ACC1716
user578	password578	ACC1717	ACC1718
user579	password579	ACC1719	ACC1720	ACC1721	ACC1722
user58	password58	ACC174	ACC175	ACC176
user580	password580	ACC1723	ACC1724	ACC1725
user582	password582	ACC1730	ACC1731
user584	password584	ACC1735	ACC1736	ACC1737	ACC1738
user585	password585	ACC1739	ACC1740
user587	password587	ACC1744	ACC1745	ACC1746	ACC1747
user589	password589	ACC1751	ACC1752
user59	password59	ACC177	ACC178	ACC179	ACC180
user590	password590	ACC1753	ACC1754	ACC1755
user592	password592	ACC1758	ACC1759	ACC1760
user593	password593	ACC1761	ACC1762
user594	password594	ACC1763	ACC1764	ACC1765	ACC1766
user595	password595	ACC1767	ACC1768
user596	password596	ACC1769	ACC1770	ACC1771	ACC1772
user599	password599	ACC1780	ACC1781	ACC1782
user6	password6	ACC14	ACC15
user600	password600	ACC1783	ACC1784	ACC1785	ACC1786
user603	password603	ACC1793	ACC1794	ACC1795
user604	password604	ACC1796	ACC1797
user605	password605	ACC1798	ACC1799
user606	password606	ACC1800	ACC1801	ACC1802	ACC1803
user607	password607	ACC1804	ACC1805
user608	password608	ACC1806	ACC1807	ACC1808	ACC1809
user609	password609	ACC1810	ACC1811
user61	password61	ACC183	ACC184
user610	password610	ACC1812	ACC1813	ACC1814
user611	password611	ACC1815	ACC1816	ACC1817
user612	password612	ACC1818	ACC1819
user613	password613	ACC1820	ACC1821	ACC1822	ACC1823
user614	password614	ACC1824	ACC1825	ACC1826
user615	password615	ACC1827	ACC1828	ACC1829
user616	password616	ACC1830	ACC1831	ACC1832
user617	password617	ACC1833	ACC1834	ACC1835	ACC1836
user618	password618	ACC1837	ACC1838
user619	password619	ACC1839	ACC1840	ACC1841
user62	password62	ACC185	ACC186	ACC187
user620	password620	ACC1842	ACC1843	ACC1844	ACC1845
user622	password622	ACC1848	ACC1849	ACC1850	ACC1851
user623	password623	ACC1852	ACC1853
user624	password624	ACC1854	ACC1855
user626	password626	ACC1860	ACC1861	ACC1862
user628	password628	ACC1866	ACC1867	ACC1868
user629	password629	ACC1869	ACC1870	ACC1871
user63	password63	ACC188	ACC189
user630	password630	ACC1872	ACC1873	ACC1874
user631	password631	ACC1875	ACC1876	ACC1877	ACC1878
user632	password632	ACC1879	ACC1880	ACC1881	ACC1882
user637	password637	ACC1891	ACC1892
user638	password638	ACC1893	ACC1894	ACC1895
user639	password639	ACC1896	ACC1897	ACC1898
user64	password64	ACC190	ACC191	ACC192
user640	password640	ACC1899	ACC1900	ACC1901
user641	password641	ACC1902	ACC1903	ACC1904	ACC1905
user642	password642	ACC1906	ACC1907
user643	password643	ACC1908	ACC1909
user644	password644	ACC1910	ACC1911	ACC1912
user645	password645	ACC1913	ACC1914	ACC1915	ACC1916
user647	password647	ACC1920	ACC1921
user648	password648	ACC1922	ACC1923
user649	password649	ACC1924	ACC1925	ACC1926
user651	password651	ACC1929	ACC1930
user652	password652	ACC1931	ACC1932	ACC1933	ACC1934
user653	password653	ACC1935	ACC1936
user657	password657	ACC1947	ACC1948	ACC1949	ACC1950
user658	password658	ACC1951	ACC1952	ACC1953	ACC1954
user659	password659	ACC1955	ACC1956	ACC1957
user66	password66	ACC196	ACC197
user660	password660	ACC1958	ACC1959
user661	password661	ACC1960	ACC1961	ACC1962
user662	password662	ACC1963	ACC1964
user663	password663	ACC1965	ACC1966	ACC1967	ACC1968
user666	password666	ACC1974	ACC1975
user669	password669	ACC1982	ACC1983
user67	password67	ACC198	ACC199	ACC200	ACC201
user670	password670	ACC1984	ACC1985	ACC1986
user671	password671	ACC1987	ACC1988	ACC1989
user672	password672	ACC1990	ACC1991	ACC1992
user673	password673	ACC1993	ACC1994	ACC1995
user675	password675	ACC1998	ACC1999
user678	password678	ACC2006	ACC2007	ACC2008
user679	password679	ACC2009	ACC2010	ACC2011
user68	password68	ACC202	ACC203	ACC204
user682	password682	ACC2018	ACC2019	ACC2020	ACC2021
user683	password683	ACC2022	ACC2023	ACC2024	ACC2025
user684	password684	ACC2026	ACC2027	ACC2028	ACC2029
user685	password685	ACC2030	ACC2031	ACC2032
user687	password687	ACC2036	ACC2037	ACC2038
user688	password688	ACC2039	ACC2040
user689	password689	ACC2041	ACC2042	ACC2043	ACC2044
user69	password69	ACC205	ACC206	ACC207
user690	password690	ACC2045	ACC2046	ACC2047	ACC2048
user693	password693	ACC2057	ACC2058
user694	password694	ACC2059	ACC2060
user697	password697	ACC2065	ACC2066	ACC2067	ACC2068
user7	password7	ACC16	ACC17	ACC18
user70	password70	ACC208	ACC209	ACC210	ACC211
user700	password700	ACC2075	ACC2076
user702	password702	ACC2080	ACC2081
user703	password703	ACC2082	ACC2083	ACC2084	ACC2085
user705	password705	ACC2090	ACC2091	ACC2092
user707	password707	ACC2096	ACC2097	ACC2098
user708	password708	ACC2099	ACC2100	ACC2101	ACC2102
user71	password71	ACC212	ACC213
user710	password710	ACC2107	ACC2108
user711	password711	ACC2109	ACC2110
user714	password714	ACC2119	ACC2120
user715	password715	ACC2121	ACC2122	ACC2123	ACC2124
user716	password716	ACC2125	ACC2126
user718	password718	ACC2131	ACC2132
user719	password719	ACC2133	ACC2134	ACC2135
user72	password72	ACC214	ACC215
user720	password720	ACC2136	ACC2137	ACC2138
user721	password721	ACC2139	ACC2140
user722	password722	ACC2141	ACC2142
user727	password727	ACC2156	ACC2157	ACC2158
user728	password728	ACC2159	ACC2160	ACC2161	ACC2162
user73	password73	ACC216	ACC217	ACC218
user730	password730	ACC2166	ACC2167
user732	password732	ACC2172	ACC2173	ACC2174
user733	password733	ACC2175	ACC2176
user734	password734	ACC2177	ACC2178
user735	password735	ACC2179	ACC2180	ACC2181	ACC2182
user736	password736	ACC2183	ACC2184	ACC2185
user737	password737	ACC2186	ACC2187	ACC2188	ACC2189
user738	password738	ACC2190	ACC2191	ACC2192
user74	password74	ACC219	ACC220
user740	password740	ACC2196	ACC2197
user741	password741	ACC2198	ACC2199
user743	password743	ACC2203	ACC2204	ACC2205	ACC2206
user744	password744	ACC2207	ACC2208	ACC2209	ACC2210
user745	password745	ACC2211	ACC2212
user746	password746	ACC2213	ACC2214
user747	password747	ACC2215	ACC2216
user748	password748	ACC2217	ACC2218
user749	password749	ACC2219	ACC2220	ACC2221
user75	password75	ACC221	ACC222	ACC223	ACC224
user750	password750	ACC2222	ACC2223	ACC2224	ACC2225
user752	password752	ACC2229	ACC2230	ACC2231
user753	password753	ACC2232	ACC2233	ACC2234
user755	password755	ACC2238	ACC2239	ACC2240	ACC2241
user756	password756	ACC2242	ACC2243	ACC2244
user757	password757	ACC2245	ACC2246	ACC2247	ACC2248
user758	password758	ACC2249	ACC2250	ACC2251	ACC2252
user759	password759	ACC2253	ACC2254	ACC2255
user76	password76	ACC225	ACC226	ACC227	ACC228
user760	password760	ACC2256	ACC2257	ACC2258
user761	password761	ACC2259	ACC2260	ACC2261	ACC2262
user762	password762	ACC2263	ACC2264
user763	password763	ACC2265	ACC2266	ACC2267
user764	password764	ACC2268	ACC2269	ACC2270
user765	password765	ACC2271	ACC2272	ACC2273
user767	password767	ACC2276	ACC2277	ACC2278
user768	password768	ACC2279	ACC2280	ACC2281	ACC2282
user769	password769	ACC2283	ACC2284	ACC2285	ACC2286
user77	password77	ACC229	ACC230
user770	password770	ACC2287	ACC2288	ACC2289
user771	password771	ACC2290	ACC2291	ACC2292	ACC2293
user772	password772	ACC2294	ACC2295	ACC2296	ACC2297
user773	password773	ACC2298	ACC2299	ACC2300	ACC2301
user774	password774	ACC2302	ACC2303
user775	password775	ACC2304	ACC2305	ACC2306
user777	password777	ACC2310	ACC2311	ACC2312
user778	password778	ACC2313	ACC2314	ACC2315	ACC2316
user78	password78	ACC231	ACC232	ACC233	ACC234
user781	password781	ACC2325	ACC2326
user784	password784	ACC2334	ACC2335	ACC2336	ACC2337
user785	password785	ACC2338	ACC2339	ACC2340
user786	password786	ACC2341	ACC2342
user788	password788	ACC2347	ACC2348	ACC2349	ACC2350
user789	password789	ACC2351	ACC2352
user79	password79	ACC235	ACC236	ACC237	ACC238
user790	password790	ACC2353	ACC2354	ACC2355
user791	password791	ACC2356	ACC2357	ACC2358
user792	password792	ACC2359	ACC2360	ACC2361
user793	password793	ACC2362	ACC2363	ACC2364
user794	password794	ACC2365	ACC2366
user795	password795	ACC2367	ACC2368	ACC2369	ACC2370
user796	password796	ACC2371	ACC2372	ACC2373
user797	password797	ACC2374	ACC2375	ACC2376	ACC2377
user798	password798	ACC2378	ACC2379	ACC2380
user799	password799	ACC2381	ACC2382	ACC2383
user8	password8	ACC19	ACC20	ACC21	ACC22
user800	password800	ACC2384	ACC2385
user802	password802	ACC2389	ACC2390	ACC2391	ACC2392
user804	password804	ACC2395	ACC2396	ACC2397
user805	password805	ACC2398	ACC2399	ACC2400	ACC2401
user807	password807	ACC2406	ACC2407	ACC2408
user808	password808	ACC2409	ACC2410
user81	password81	ACC242	ACC243
user810	password810	ACC2414	ACC2415	ACC2416	ACC2417
user811	password811	ACC2418	ACC2419	ACC2420	ACC2421
user812	password812	ACC2422	ACC2423
user813	password813	ACC2424	ACC2425	ACC2426	ACC2427
user814	password814	ACC2428	ACC2429
user816	password816	ACC2432	ACC2433
user817	password817	ACC2434	ACC2435	ACC2436
user818	password818	ACC2437	ACC2438	ACC2439
user819	password819	ACC2440	ACC2441	ACC2442	ACC2443
user82	password82	ACC244	ACC245
user820	password820	ACC2444	ACC2445
user821	password821	ACC2446	ACC2447	ACC2448
user825	password825	ACC2458	ACC2459	ACC2460
user829	password829	ACC2469	ACC2470
user83	password83	ACC246	ACC247
user830	password830	ACC2471	ACC2472	ACC2473
user831	password831	ACC2474	ACC2475	ACC2476
user833	password833	ACC2480	ACC2481	ACC2482	ACC2483
user836	password836	ACC2489	ACC2490	ACC2491
user837	password837	ACC2492	ACC2493	ACC2494
user838	password838	ACC2495	ACC2496	ACC2497	ACC2498
user84	password84	ACC248	ACC249
user840	password840	ACC2502	ACC2503
user841	password841	ACC2504	ACC2505
user842	password842	ACC2506	ACC2507	ACC2508
user843	password843	ACC2509	ACC2510
user844	password844	ACC2511	ACC2512	ACC2513	ACC2514
user845	password845	ACC2515	ACC2516	ACC2517	ACC2518
user848	password848	ACC2525	ACC2526
user849	password849	ACC2527	ACC2528	ACC2529
user85	password85	ACC250	ACC251
user850	password850	ACC2530	ACC2531	ACC2532
user851	password851	ACC2533	ACC2534	ACC2535
user853	password853	ACC2539	ACC2540	ACC2541	ACC2542
user854	password854	ACC2543	ACC2544	ACC2545	ACC2546
user855	password855	ACC2547	ACC2548	ACC2549
user858	password858	ACC2556	ACC2557	ACC2558	ACC2559
user86	password86	ACC252	ACC253	ACC254
user860	password860	ACC2564	ACC2565	ACC2566
user861	password861	ACC2567	ACC2568
user863	password863	ACC2572	ACC2573	ACC2574	ACC2575
user864	password864	ACC2576	ACC2577	ACC2578	ACC2579
user865	password865	ACC2580	ACC2581
user866	password866	ACC2582	ACC2583	ACC2584	ACC2585
user867	password867	ACC2586	ACC2587	ACC2588	ACC2589
user868	password868	ACC2590	ACC2591	ACC2592
user869	password869	ACC2593	ACC2594	ACC2595	ACC2596
user87	password87	ACC255	ACC256	ACC257	ACC258
user870	password870	ACC2597	ACC2598	ACC2599	ACC2600
user871	password871	ACC2601	ACC2602	ACC2603
user872	password872	ACC2604	ACC2605	ACC2606	ACC2607
user873	password873	ACC2608	ACC2609	ACC2610
user874	password874	ACC2611	ACC2612	ACC2613	ACC2614
user875	password875	ACC2615	ACC2616	ACC2617
user878	password878	ACC2623	ACC2624	ACC2625	ACC2626
user879	password879	ACC2627	ACC2628
user88	password88	ACC259	ACC260	ACC261	ACC262
user880	password880	ACC2629	ACC2630	ACC2631
user881	password881	ACC2632	ACC2633	ACC2634
user882	password882	ACC2635	ACC2636	ACC2637	ACC2638
user884	password884	ACC2641	ACC2642
user885	password885	ACC2643	ACC2644
user886	password886	ACC2645	ACC2646	ACC2647
user887	password887	ACC2648	ACC2649	ACC2650	ACC2651
user888	password888	ACC2652	ACC2653	ACC2654	ACC2655
user889	password889	ACC2656	ACC2657	ACC2658	ACC2659
user89	password89	ACC263	ACC264
user890	password890	ACC2660	ACC2661
user892	password892	ACC2665	ACC2666	ACC2667	ACC2668
user893	password893	ACC2669	ACC2670	ACC2671	ACC2672
user894	password894	ACC2673	ACC2674	ACC2675
user895	password895	ACC2676	ACC2677	ACC2678	ACC2679
user896	password896	ACC2680	ACC2681
user897	password897	ACC2682	ACC2683	ACC2684
user899	password899	ACC2688	ACC2689	ACC2690
user9	password9	ACC23	ACC24	ACC25
user90	password90	ACC265	ACC266	ACC267
user901	password901	ACC2695	ACC2696	ACC2697
user902	password902	ACC2698	ACC2699	ACC2700
user904	password904	ACC2705	ACC2706	ACC2707	ACC2708
user905	password905	ACC2709	ACC2710	ACC2711	ACC2712
user907	password907	ACC2715	ACC2716
user908	password908	ACC2717	ACC2718
user909	password909	ACC2719	ACC2720	ACC2721
user910	password910	ACC2722	ACC2723	ACC2724
user911	password911	ACC2725	ACC2726	ACC2727
user913	password913	ACC2732	ACC2733	ACC2734	ACC2735
user914	password914	ACC2736	ACC2737
user915	password915	ACC2738	ACC2739
user916	password916	ACC2740	ACC2741	ACC2742	ACC2743
user918	password918	ACC2748	ACC2749	ACC2750
user921	password921	ACC2758	ACC2759	ACC2760	ACC2761
user922	password922	ACC2762	ACC2763	ACC2764	ACC2765
user924	password924	ACC2770	ACC2771	ACC2772
user925	password925	ACC2773	ACC2774
user926	password926	ACC2775	ACC2776	ACC2777	ACC2778
user927	password927	ACC2779	ACC2780	ACC2781
user928	password928	ACC2782	ACC2783
user929	password929	ACC2784	ACC2785
user93	password93	ACC274	ACC275	ACC276	ACC277
user930	password930	ACC2786	ACC2787	ACC2788
user931	password931	ACC2789	ACC2790
user932	password932	ACC2791	ACC2792
user933	password933	ACC2793	ACC2794	ACC2795	ACC2796
user935	password935	ACC2799	ACC2800	ACC2801	ACC2802
user937	password937	ACC2805	ACC2806	ACC2807
user938	password938	ACC2808	ACC2809
user939	password939	ACC2810	ACC2811	ACC2812	ACC2813
user94	password94	ACC278	ACC279
user940	password940	ACC2814	ACC2815	ACC2816	ACC2817
user941	password941	ACC2818	ACC2819	ACC2820	ACC2821
user942	password942	ACC2822	ACC2823	ACC2824	ACC2825
user944	password944	ACC2829	ACC2830
user945	password945	ACC2831	ACC2832	ACC2833	ACC2834
user947	password947	ACC2838	ACC2839	ACC2840
user948	password948	ACC2841	ACC2842
user949	password949	ACC2843	ACC2844
user95	password95	ACC280	ACC281
user951	password951	ACC2849	ACC2850
user952	password952	ACC2851	ACC2852	ACC2853	ACC2854
user953	password953	ACC2855	ACC2856
user954	password954	ACC2857	ACC2858	ACC2859	ACC2860
user956	password956	ACC2865	ACC2866	ACC2867	ACC2868
user958	password958	ACC2873	ACC2874	ACC2875
user96	password96	ACC282	ACC283
user960	password960	ACC2880	ACC2881	ACC2882	ACC2883
user962	password962	ACC2887	ACC2888	ACC2889
user965	password965	ACC2898	ACC2899	ACC2900	ACC2901
user969	password969	ACC2911	ACC2912	ACC2913
user97	password97	ACC284	ACC285
user970	password970	ACC2914	ACC2915
user973	password973	ACC2923	ACC2924	ACC2925
user974	password974	ACC2926	ACC2927	ACC2928	ACC2929
user976	password976	ACC2933	ACC2934	ACC2935
user977	password977	ACC2936	ACC2937	ACC2938	ACC2939
user978	password978	ACC2940	ACC2941
user979	password979	ACC2942	ACC2943
user98	password98	ACC286	ACC287
user980	password980	ACC2944	ACC2945	ACC2946	ACC2947
user981	password981	ACC2948	ACC2949
user982	password982	ACC2950	ACC2951
user983	password983	ACC2952	ACC2953	ACC2954
user984	password984	ACC2955	ACC2956
user985	password985	ACC2957	ACC2958
user986	password986	ACC2959	ACC2960	ACC2961	ACC2962
user987	password987	ACC2963	ACC2964	ACC2965	ACC2966
user988	password988	ACC2967	ACC2968	ACC2969	ACC2970
user989	password989	ACC2971	ACC2972	ACC2973
user99	password99	ACC288	ACC289	ACC290	ACC291
user990	password990	ACC2974	ACC2975
user991	password991	ACC2976	ACC2977
user993	password993	ACC2982	ACC2983	ACC2984	ACC2985
user995	password995	ACC2989	ACC2990	ACC2991
user996	password996	ACC2992	ACC2993	ACC2994	ACC2995
user997	password997	ACC2996	ACC2997	ACC2998	ACC2999
user998	password998	ACC3000	ACC3001	ACC3002
user999	password999	ACC3003	ACC3004	ACC3005	ACC3006
