user0	userpass0	firstname0	lastname0
user1	userpass1	firstname1	lastname1
user2	userpass2	firstname2	lastname2
user3	userpass3	firstname3	lastname3
user4	userpass4	firstname4	lastname4
user5	userpass5	firstname5	lastname5
user6	userpass6	firstname6	lastname6
user7	userpass7	firstname7	lastname7
user8	userpass8	firstname8	lastname8
user9	userpass9	firstname9	lastname9
user10	userpass10	firstname10	lastname10
user11	userpass11	firstname11	lastname11
user12	userpass12	firstname12	lastname12
user13	userpass13	firstname13	lastname13
user14	userpass14	firstname14	lastname14
user15	userpass15	firstname15	lastname15
user16	userpass16	firstname16	lastname16
user17	userpass17	firstname17	lastname17
user18	userpass18	firstname18	lastname18
user19	userpass19	firstname19	lastname19
user20	userpass20	firstname20	lastname20
user21	userpass21	firstname21	lastname21
user22	userpass22	firstname22	lastname22
user23	userpass23	firstname23	lastname23
user24	userpass24	firstname24	lastname24
user25	userpass25	firstname25	lastname25
user26	userpass26	firstname26	lastname26
user27	userpass27	firstname27	lastname27
user28	userpass28	firstname28	lastname28
user29	userpass29	firstname29	lastname29
user30	userpass30	firstname30	lastname30
user31	userpass31	firstname31	lastname31
user32	userpass32	firstname32	lastname32
user33	userpass33	firstname33	lastname33
user34	userpass34	firstname34	lastname34
user35	userpass35	firstname35	lastname35
user36	userpass36	firstname36	lastname36
user37	userpass37	firstname37	lastname37
user38	userpass38	firstname38	lastname38
user39	userpass39	firstname39	lastname39
user40	userpass40	firstname40	lastname40
user41	userpass41	firstname41	lastname41
user42	userpass42	firstname42	lastname42
user43	userpass43	firstname43	lastname43
user44	userpass44	firstname44	lastname44
user45	userpass45	firstname45	lastname45
user46	userpass46	firstname46	lastname46
user47	userpass47	firstname47	lastname47
user48	userpass48	firstname48	lastname48
user49	userpass49	firstname49	lastname49
user50	userpass50	firstname50	lastname50
user51	userpass51	firstname51	lastname51
user52	userpass52	firstname52	lastname52
user53	userpass53	firstname53	lastname53
user54	userpass54	firstname54	lastname54
user55	userpass55	firstname55	lastname55
user56	userpass56	firstname56	lastname56
user57	userpass57	firstname57	lastname57
user58	userpass58	firstname58	lastname58
user59	userpass59	firstname59	lastname59
user60	userpass60	firstname60	lastname60
user61	userpass61	firstname61	lastname61
user62	userpass62	firstname62	lastname62
user63	userpass63	firstname63	lastname63
user64	userpass64	firstname64	lastname64
user65	userpass65	firstname65	lastname65
user66	userpass66	firstname66	lastname66
user67	userpass67	firstname67	lastname67
user68	userpass68	firstname68	lastname68
user69	userpass69	firstname69	lastname69
user70	userpass70	firstname70	lastname70
user71	userpass71	firstname71	lastname71
user72	userpass72	firstname72	lastname72
user73	userpass73	firstname73	lastname73
user74	userpass74	firstname74	lastname74
user75	userpass75	firstname75	lastname75
user76	userpass76	firstname76	lastname76
user77	userpass77	firstname77	lastname77
user78	userpass78	firstname78	lastname78
user79	userpass79	firstname79	lastname79
user80	userpass80	firstname80	lastname80
user81	userpass81	firstname81	lastname81
user82	userpass82	firstname82	lastname82
user83	userpass83	firstname83	lastname83
user84	userpass84	firstname84	lastname84
user85	userpass85	firstname85	lastname85
user86	userpass86	firstname86	lastname86
user87	userpass87	firstname87	lastname87
user88	userpass88	firstname88	lastname88
user89	userpass89	firstname89	lastname89
user90	userpass90	firstname90	lastname90
user91	userpass91	firstname91	lastname91
user92	userpass92	firstname92	lastname92
user93	userpass93	firstname93	lastname93
user94	userpass94	firstname94	lastname94
user95	userpass95	firstname95	lastname95
user96	userpass96	firstname96	lastname96
user97	userpass97	firstname97	lastname97
user98	userpass98	firstname98	lastname98
user99	userpass99	firstname99	lastname99
